StartDate,EndDate,Progress,Duration (in seconds),Finished,RecordedDate,ExternalReference,DistributionChannel,UserLanguage,big_cities_1,computer_preference_1,cook_at_home_1,dairy_products_1,own_homes_1,go_to_gym_1,gender,age,politics_1,zip,attention_check,Q11,id
2019-01-10T19:35:09Z,2019-01-10 19:36:51,100,101,True,2019-01-10 19:36:51,NA,anonymous,EN,63,82,90,90,56,77,Female,29,5,66442,"like big cities,cook at home,go to the gym,consume dairy products",NA,1
2019-01-10T19:30:06Z,2019-01-10 19:31:25,100,78,True,2019-01-10 19:31:25,NA,anonymous,EN,62,48,74,56,65,40,Female,28,1,22902,"like big cities,cook at home,go to the gym,consume dairy products",NA,2
2019-01-10T16:31:15Z,2019-01-10 16:34:01,100,166,True,2019-01-10 16:34:01,NA,anonymous,EN,89,71,71,68,65,64,Female,39,5,06033,"like big cities,cook at home,go to the gym,consume dairy products",NA,3
2019-01-10T15:56:17Z,2019-01-10 16:00:52,100,275,True,2019-01-10 16:00:53,NA,anonymous,EN,62,62,74,63,60,67,Female,31,3,40972,"cook at home,go to the gym,consume dairy products",NA,4
2019-01-10T17:56:38Z,2019-01-10 17:59:24,100,166,True,2019-01-10 17:59:24,NA,anonymous,EN,44,52,75,67,67,51,Male,62,4,92111,"like big cities,cook at home,go to the gym,consume dairy products",no,5
2019-01-10T17:03:01Z,2019-01-10 17:04:20,100,79,True,2019-01-10 17:04:21,NA,anonymous,EN,45,46,70,85,58,50,Female,24,1,08861,"like big cities,cook at home,go to the gym,consume dairy products",NA,6
2019-01-10T19:13:13Z,2019-01-10 19:15:39,100,146,True,2019-01-10 19:15:40,NA,anonymous,EN,41,63,75,76,61,52,Male,59,2,75865,"like big cities,cook at home,go to the gym,consume dairy products",NA,7
2019-01-10T19:11:06Z,2019-01-10 19:12:29,100,82,True,2019-01-10 19:12:29,NA,anonymous,EN,74,65,88,71,77,50,Female,21,2,61705,"like big cities,cook at home,go to the gym,consume dairy products",NA,8
2019-01-10T15:30:00Z,2019-01-10 15:32:49,100,168,True,2019-01-10 15:32:49,NA,anonymous,EN,60,80,100,100,70,50,Male,56,5,61813,"like big cities,cook at home,go to the gym,consume dairy products",NA,9
2019-01-10T16:31:24Z,2019-01-10 16:33:05,100,100,True,2019-01-10 16:33:05,NA,anonymous,EN,47,47,65,86,74,89,Male,23,4,18702,"like big cities,cook at home,go to the gym,consume dairy products",NA,10
2019-01-10T20:23:57Z,2019-01-10 20:25:49,100,111,True,2019-01-10 20:25:49,NA,anonymous,EN,28,61,67,80,50,40,Female,30,2,46260,"like big cities,cook at home,go to the gym,consume dairy products",NA,11
2019-01-10T15:09:30Z,2019-01-10 15:11:31,100,121,True,2019-01-10 15:11:32,NA,anonymous,EN,67,54,99,89,75,50,Male,34,7,92536,read newspapers,Awesome,12
2019-01-10T16:26:48Z,2019-01-10 16:29:38,100,170,True,2019-01-10 16:29:39,NA,anonymous,EN,0,0,100,0,0,0,Male,63,5,34243,"like big cities,cook at home,go to the gym,consume dairy products",NA,13
2019-01-10T15:17:43Z,2019-01-10 15:18:33,100,50,True,2019-01-10 15:18:34,NA,anonymous,EN,73,77,74,74,76,77,Male,19,4,49348,consume dairy products,NA,14
2019-01-10T19:20:24Z,2019-01-10 19:23:06,100,161,True,2019-01-10 19:23:06,NA,anonymous,EN,26,70,78,28,48,90,Male,45,2,37091,"like big cities,cook at home,go to the gym,consume dairy products",NA,15
2019-01-10T18:26:42Z,2019-01-10 18:28:22,100,100,True,2019-01-10 18:28:22,NA,anonymous,EN,75,60,80,90,80,60,Female,28,1,78759,"like big cities,cook at home,go to the gym,consume dairy products",NA,16
2019-01-10T19:57:54Z,2019-01-10 20:12:16,100,861,True,2019-01-10 20:12:16,NA,anonymous,EN,65,75,90,82,90,65,Male,32,4,76251,"like big cities,cook at home,go to the gym,consume dairy products",That was really interesting. Thanks.,17
2019-01-10T15:17:45Z,2019-01-10 15:21:16,100,210,True,2019-01-10 15:21:16,NA,anonymous,EN,82,67,83,69,75,66,Male,35,1,93551,"like big cities,cook at home,go to the gym,consume dairy products",na,18
2019-01-10T16:55:37Z,2019-01-10 16:57:20,100,103,True,2019-01-10 16:57:21,NA,anonymous,EN,75,52,90,56,80,45,Female,28,3,06226,"like big cities,cook at home,go to the gym,consume dairy products",NA,19
2019-01-10T18:41:03Z,2019-01-10 18:43:47,100,164,True,2019-01-10 18:43:47,NA,anonymous,EN,55,50,60,75,70,55,Female,29,3,33442,"like big cities,cook at home,go to the gym,consume dairy products",no comments,20
2019-01-10T15:45:49Z,2019-01-10 15:48:03,100,133,True,2019-01-10 15:48:03,NA,anonymous,EN,77,50,80,60,75,65,Female,38,4,75227,"like big cities,cook at home,go to the gym,consume dairy products,watch TV",NA,21
2019-01-10T16:15:33Z,2019-01-10 16:16:43,100,69,True,2019-01-10 16:16:43,NA,anonymous,EN,52,50,76,88,79,59,Male,25,2,33312,"like big cities,cook at home,go to the gym,consume dairy products",NA,22
2019-01-10T16:01:45Z,2019-01-10 16:03:50,100,124,True,2019-01-10 16:03:50,NA,anonymous,EN,50,40,60,70,60,35,Female,30,6,46989,"like big cities,cook at home,go to the gym,consume dairy products",NA,23
2019-01-10T19:12:32Z,2019-01-10 19:14:22,100,110,True,2019-01-10 19:14:22,NA,anonymous,EN,100,100,100,100,100,100,Female,40,4,86404,"like big cities,cook at home,go to the gym,consume dairy products",NA,24
2019-01-10T19:04:16Z,2019-01-10 19:06:57,100,161,True,2019-01-10 19:06:57,NA,anonymous,EN,59,61,83,90,66,76,Female,36,5,44070,"like big cities,cook at home,go to the gym,consume dairy products",NA,25
2019-01-10T18:14:43Z,2019-01-10 18:19:39,100,296,True,2019-01-10 18:19:39,NA,anonymous,EN,100,100,100,100,100,100,Male,30,6,74010,"like big cities,cook at home,go to the gym,consume dairy products",NA,26
2019-01-10T15:14:24Z,2019-01-10 15:17:27,100,182,True,2019-01-10 15:17:27,NA,anonymous,EN,90,90,90,90,90,90,Female,34,3,23523,"watch TV,read newspapers,go to the movies,go to bars",NA,27
2019-01-10T17:15:42Z,2019-01-10 17:17:28,100,106,True,2019-01-10 17:17:28,NA,anonymous,EN,69,60,90,89,59,60,Male,35,2,67211,"like big cities,cook at home,go to the gym,consume dairy products",NA,28
2019-01-10T19:56:59Z,2019-01-10 19:59:27,100,148,True,2019-01-10 19:59:27,NA,anonymous,EN,76,75,74,77,74,75,Male,34,5,14226,"like big cities,cook at home,go to the gym,consume dairy products",NA,29
2019-01-10T17:36:29Z,2019-01-10 17:38:54,100,145,True,2019-01-10 17:38:54,NA,anonymous,EN,66,66,66,66,66,66,Male,23,5,02215,"like big cities,cook at home,go to the gym",NA,30
2019-01-10T19:39:57Z,2019-01-10 19:42:51,100,173,True,2019-01-10 19:42:51,NA,anonymous,EN,55,64,84,75,64,51,Female,29,3,86442,"like big cities,cook at home,go to the gym,consume dairy products",NA,31
2019-01-10T16:28:15Z,2019-01-10 16:31:27,100,192,True,2019-01-10 16:31:27,NA,anonymous,EN,60,65,88,95,70,61,Male,53,4,03038,"like big cities,cook at home,go to the gym,consume dairy products",none,32
2019-01-10T18:21:55Z,2019-01-10 18:24:09,100,134,True,2019-01-10 18:24:10,NA,anonymous,EN,71,66,76,85,78,70,Female,28,2,10027,"like big cities,cook at home,go to the gym,consume dairy products",NA,33
2019-01-10T17:10:06Z,2019-01-10 17:12:11,100,125,True,2019-01-10 17:12:11,NA,anonymous,EN,61,58,75,45,75,82,Male,22,3,62959,"like big cities,cook at home,go to the gym,consume dairy products",Nope,34
2019-01-10T19:17:21Z,2019-01-10 19:18:55,100,93,True,2019-01-10 19:18:55,NA,anonymous,EN,80,80,80,80,80,80,Female,49,4,55373,"like big cities,cook at home,go to the gym,consume dairy products",NA,35
2019-01-10T15:53:11Z,2019-01-10 15:54:27,100,76,True,2019-01-10 15:54:27,NA,anonymous,EN,51,34,92,19,98,27,Female,34,4,53714,"like big cities,cook at home,go to the gym,consume dairy products",i like this short survey,36
2019-01-10T19:05:40Z,2019-01-10 19:07:59,100,138,True,2019-01-10 19:07:59,NA,anonymous,EN,78,79,77,77,79,77,Male,25,2,55101,"like big cities,cook at home,go to the gym,consume dairy products",n/a,37
2019-01-10T15:38:12Z,2019-01-10 15:40:50,100,158,True,2019-01-10 15:40:50,NA,anonymous,EN,60,20,71,30,82,20,Male,26,2,85281,"like big cities,cook at home,go to the gym,consume dairy products",NA,38
2019-01-10T20:17:28Z,2019-01-10 20:18:43,100,75,True,2019-01-10 20:18:43,NA,anonymous,EN,59,76,88,74,100,79,Male,22,5,73160,"like big cities,cook at home,go to the gym,consume dairy products",NA,39
2019-01-10T17:21:47Z,2019-01-10 17:23:08,100,81,True,2019-01-10 17:23:08,NA,anonymous,EN,65,85,75,90,85,69,Male,26,5,36604,"like big cities,cook at home,go to the gym,consume dairy products",NA,40
2019-01-10T18:53:06Z,2019-01-10 18:54:54,100,107,True,2019-01-10 18:54:54,NA,anonymous,EN,51,63,54,78,60,64,Male,54,4,14626,"like big cities,cook at home,go to the gym,consume dairy products",NA,41
2019-01-10T18:46:12Z,2019-01-10 18:48:52,100,159,True,2019-01-10 18:48:52,NA,anonymous,EN,90,90,90,90,90,91,Male,26,7,31793,"like big cities,cook at home,consume dairy products,go to the movies",NA,42
2019-01-10T17:00:18Z,2019-01-10 17:02:10,100,112,True,2019-01-10 17:02:10,NA,anonymous,EN,66,51,61,49,46,40,Female,31,4,33613,"like big cities,cook at home,go to the gym,consume dairy products",NA,43
2019-01-10T18:47:15Z,2019-01-10 18:49:22,100,127,True,2019-01-10 18:49:22,NA,anonymous,EN,49,56,51,58,50,54,Female,22,2,89117,"like big cities,cook at home,go to the gym,consume dairy products",NA,44
2019-01-10T16:14:29Z,2019-01-10 16:16:52,100,143,True,2019-01-10 16:16:52,NA,anonymous,EN,53,62,94,59,26,35,Female,24,7,37130,"like big cities,cook at home,go to the gym,consume dairy products",I think it's a very interesting concept. I'd definitely be interested in more like this.,45
2019-01-10T18:50:38Z,2019-01-10 18:53:52,100,193,True,2019-01-10 18:53:52,NA,anonymous,EN,50,65,75,80,40,60,Female,47,4,90713,"like big cities,cook at home,go to the gym,consume dairy products",NA,46
2019-01-10T17:18:04Z,2019-01-10 17:20:05,100,121,True,2019-01-10 17:20:05,NA,anonymous,EN,27,65,83,80,87,76,Male,37,3,85339,"like big cities,cook at home,go to the gym,consume dairy products",NA,47
2019-01-10T20:26:26Z,2019-01-10 20:29:49,100,203,True,2019-01-10 20:29:49,NA,anonymous,EN,50,50,80,85,90,30,Male,32,4,48111,"like big cities,cook at home,go to the gym,consume dairy products",NA,48
2019-01-10T15:11:54Z,2019-01-10 15:14:35,100,161,True,2019-01-10 15:14:35,NA,anonymous,EN,83,60,83,90,90,90,Female,27,2,46218,"like big cities,cook at home,go to the gym,consume dairy products",NA,49
2019-01-10T15:11:05Z,2019-01-10 15:13:15,100,129,True,2019-01-10 15:13:15,NA,anonymous,EN,70,47,90,88,88,48,Female,29,7,99217,"like big cities,cook at home,go to the gym,consume dairy products",NA,50
2019-01-10T15:23:06Z,2019-01-10 15:25:04,100,117,True,2019-01-10 15:25:04,NA,anonymous,EN,75,75,75,75,75,75,Female,30,1,28753,"like big cities,cook at home,go to the gym,consume dairy products",NA,51
2019-01-10T18:08:07Z,2019-01-10 18:09:52,100,105,True,2019-01-10 18:09:53,NA,anonymous,EN,77,72,78,83,77,56,Male,40,1,80220,"like big cities,cook at home,go to the gym,consume dairy products",none,52
2019-01-10T16:45:54Z,2019-01-10 16:48:40,100,165,True,2019-01-10 16:48:40,NA,anonymous,EN,75,65,80,90,95,75,Female,29,1,28640,"like big cities,cook at home,go to the gym,consume dairy products",NA,53
2019-01-10T16:30:30Z,2019-01-10 16:31:35,100,65,True,2019-01-10 16:31:35,NA,anonymous,EN,50,44,51,63,67,57,Male,28,5,60606,"like big cities,cook at home,go to the gym,consume dairy products",NA,54
2019-01-10T19:06:12Z,2019-01-10 19:09:04,100,171,True,2019-01-10 19:09:04,NA,anonymous,EN,71,77,90,93,81,71,Male,45,6,28723,"like big cities,cook at home,go to the gym,consume dairy products",NA,55
2019-01-10T15:17:19Z,2019-01-10 15:18:44,100,84,True,2019-01-10 15:18:44,NA,anonymous,EN,19,46,84,68,85,85,Female,40,4,11554,"like big cities,cook at home,consume dairy products",NA,56
2019-01-10T19:41:37Z,2019-01-10 19:44:29,100,172,True,2019-01-10 19:44:30,NA,anonymous,EN,75,75,85,90,90,60,Female,27,6,04084,"like big cities,cook at home,go to the gym,consume dairy products",NA,57
2019-01-10T19:07:32Z,2019-01-10 19:09:57,100,144,True,2019-01-10 19:09:57,NA,anonymous,EN,84,65,92,81,88,66,Female,38,4,48820,"like big cities,cook at home,go to the gym,consume dairy products",NA,58
2019-01-10T15:11:45Z,2019-01-10 15:17:24,100,339,True,2019-01-10 15:17:24,NA,anonymous,EN,100,100,100,100,100,100,Female,61,6,08084,"like big cities,cook at home,go to the gym,consume dairy products",NA,59
2019-01-10T15:17:25Z,2019-01-10 15:19:46,100,141,True,2019-01-10 15:19:47,NA,anonymous,EN,48,61,71,80,90,29,Male,69,5,28792,"like big cities,cook at home,go to the gym,consume dairy products",NA,60
2019-01-10T16:49:52Z,2019-01-10 16:52:14,100,142,True,2019-01-10 16:52:15,NA,anonymous,EN,85,25,80,80,40,25,Male,63,5,14075,"like big cities,cook at home,go to the gym,consume dairy products",None,61
2019-01-10T15:14:37Z,2019-01-10 15:20:03,100,326,True,2019-01-10 15:20:04,NA,anonymous,EN,90,75,80,90,80,70,Female,42,7,24502,"like big cities,cook at home,go to the gym,consume dairy products,watch TV",NA,62
2019-01-10T15:50:22Z,2019-01-10 15:56:24,100,361,True,2019-01-10 15:56:24,NA,anonymous,EN,76,63,88,88,65,73,Male,26,3,43215,"like big cities,cook at home,go to the gym,consume dairy products",NA,63
2019-01-10T17:45:47Z,2019-01-10 17:46:49,100,62,True,2019-01-10 17:46:49,NA,anonymous,EN,37,69,75,82,65,44,Male,21,3,11421,"like big cities,cook at home,go to the gym,consume dairy products",NA,64
2019-01-10T16:35:26Z,2019-01-10 16:37:15,100,109,True,2019-01-10 16:37:15,NA,anonymous,EN,81,70,95,70,85,60,Male,31,4,97103,"like big cities,cook at home,go to the gym,consume dairy products",NA,65
2019-01-10T18:53:04Z,2019-01-10 18:55:41,100,156,True,2019-01-10 18:55:42,NA,anonymous,EN,95,65,90,90,95,90,Male,53,5,85296,"like big cities,cook at home,go to the gym,consume dairy products",Fun,66
2019-01-10T16:27:32Z,2019-01-10 16:32:16,100,283,True,2019-01-10 16:32:16,NA,anonymous,EN,55,55,80,95,90,30,Male,53,5,57105,"like big cities,cook at home,go to the gym,consume dairy products",Nothing at this time,67
2019-01-10T20:12:49Z,2019-01-10 20:15:44,100,174,True,2019-01-10 20:15:45,NA,anonymous,EN,73,71,67,96,38,59,Male,27,7,48642,"like big cities,cook at home,go to the gym,consume dairy products",NA,68
2019-01-10T16:02:44Z,2019-01-10 16:04:00,100,76,True,2019-01-10 16:04:00,NA,anonymous,EN,70,85,92,74,61,79,Male,31,1,23221,"like big cities,cook at home,go to the gym,consume dairy products",NA,69
2019-01-10T17:06:04Z,2019-01-10 17:08:07,100,122,True,2019-01-10 17:08:08,NA,anonymous,EN,63,74,68,74,52,40,Female,25,2,15218,"like big cities,cook at home,go to the gym,consume dairy products",NA,70
2019-01-10T16:09:54Z,2019-01-10 16:14:50,100,295,True,2019-01-10 16:14:50,NA,anonymous,EN,5,10,97,85,75,20,Female,51,4,36695,"like big cities,cook at home,go to the gym,consume dairy products",NA,71
2019-01-10T17:49:38Z,2019-01-10 17:51:25,100,107,True,2019-01-10 17:51:25,NA,anonymous,EN,78,72,89,90,82,70,Female,42,2,97055,"cook at home,go to the gym,consume dairy products",NA,72
2019-01-10T16:47:51Z,2019-01-10 16:48:58,100,66,True,2019-01-10 16:48:58,NA,anonymous,EN,50,46,43,62,49,28,Male,20,5,03082,"like big cities,go to the gym,consume dairy products",Thanks!,73
2019-01-10T16:33:06Z,2019-01-10 16:35:10,100,123,True,2019-01-10 16:35:10,NA,anonymous,EN,25,31,37,44,30,47,Female,23,7,19320,"like big cities,cook at home,watch TV",NA,74
2019-01-10T15:47:10Z,2019-01-10 15:48:13,100,62,True,2019-01-10 15:48:13,NA,anonymous,EN,17,80,60,79,38,30,Female,32,1,99206,"like big cities,cook at home,go to the gym,consume dairy products",NA,75
2019-01-10T15:47:54Z,2019-01-10 15:50:36,100,161,True,2019-01-10 15:50:36,NA,anonymous,EN,87,52,48,39,58,60,Female,23,2,78756,"like big cities,cook at home,go to the gym,consume dairy products",NA,76
2019-01-10T15:33:47Z,2019-01-10 15:37:34,100,226,True,2019-01-10 15:37:34,NA,anonymous,EN,75,75,75,75,75,75,Male,67,6,44114,"like big cities,cook at home,go to the gym,consume dairy products",NA,77
2019-01-10T15:16:37Z,2019-01-10 15:19:39,100,182,True,2019-01-10 15:19:40,NA,anonymous,EN,65,50,80,70,70,75,Male,28,4,32825,"like big cities,cook at home,go to the gym,consume dairy products",NA,78
2019-01-10T15:17:05Z,2019-01-10 15:20:51,100,226,True,2019-01-10 15:20:52,NA,anonymous,EN,25,70,95,95,80,50,Female,59,2,30030,"like big cities,cook at home,go to the gym,consume dairy products",No,79
2019-01-10T15:47:15Z,2019-01-10 15:51:05,100,230,True,2019-01-10 15:51:05,NA,anonymous,EN,80,60,100,90,100,75,Male,48,4,32068,"like big cities,cook at home,go to the gym,consume dairy products",Thanks for the opportunity - I appreciate it!,80
2019-01-10T17:09:49Z,2019-01-10 17:11:20,100,90,True,2019-01-10 17:11:20,NA,anonymous,EN,75,85,67,73,58,70,Male,44,4,33759,"like big cities,cook at home,go to the gym,consume dairy products",NA,81
2019-01-10T17:28:06Z,2019-01-10 17:29:59,100,112,True,2019-01-10 17:29:59,NA,anonymous,EN,70,60,85,95,40,50,Female,34,1,29588,"like big cities,cook at home,go to the gym,consume dairy products",Curious...,82
2019-01-10T15:11:38Z,2019-01-10 15:14:08,100,149,True,2019-01-10 15:14:08,NA,anonymous,EN,74,86,99,100,95,98,Female,28,4,49099,"like big cities,cook at home,go to the gym,consume dairy products",NA,83
2019-01-10T15:10:28Z,2019-01-10 15:12:12,100,103,True,2019-01-10 15:12:12,NA,anonymous,EN,67,72,70,90,80,81,Female,24,4,60914,"like big cities,cook at home,go to the gym,consume dairy products",NA,84
2019-01-10T19:17:27Z,2019-01-10 19:20:28,100,181,True,2019-01-10 19:20:29,NA,anonymous,EN,52,30,52,28,41,24,Male,31,7,28174,"like big cities,cook at home,go to the gym",NA,85
2019-01-10T16:32:37Z,2019-01-10 16:34:48,100,131,True,2019-01-10 16:34:48,NA,anonymous,EN,60,60,95,99,90,70,Male,47,1,33321,"like big cities,cook at home,go to the gym,consume dairy products",NA,86
2019-01-10T15:11:39Z,2019-01-10 15:14:01,100,141,True,2019-01-10 15:14:01,NA,anonymous,EN,90,80,80,90,95,60,Male,32,7,54449,"like big cities,cook at home,go to the gym,consume dairy products",NA,87
2019-01-10T15:10:07Z,2019-01-10 15:12:40,100,153,True,2019-01-10 15:12:41,NA,anonymous,EN,65,57,74,90,64,56,Male,47,6,83638,"like big cities,cook at home,go to the gym,consume dairy products",NA,88
2019-01-10T18:23:42Z,2019-01-10 18:28:29,100,287,True,2019-01-10 18:28:30,NA,anonymous,EN,100,84,100,100,96,100,Female,24,6,37398,"like big cities,go to the gym,consume dairy products",None Thank you for the survey,89
2019-01-10T18:28:35Z,2019-01-10 18:30:35,100,120,True,2019-01-10 18:30:36,NA,anonymous,EN,70,53,90,94,75,41,Male,47,3,02468,"like big cities,cook at home,go to the gym,consume dairy products",NA,90
2019-01-10T15:59:50Z,2019-01-10 16:02:02,100,131,True,2019-01-10 16:02:02,NA,anonymous,EN,62,72,77,75,52,58,Female,28,2,32765,"like big cities,cook at home,go to the gym,consume dairy products",NA,91
2019-01-10T16:41:34Z,2019-01-10 16:43:51,100,137,True,2019-01-10 16:43:52,NA,anonymous,EN,75,50,75,90,75,75,Female,49,4,87501,"like big cities,cook at home,go to the gym,consume dairy products",NA,92
2019-01-10T17:22:07Z,2019-01-10 17:23:17,100,70,True,2019-01-10 17:23:17,NA,anonymous,EN,32,52,87,67,73,58,Female,36,6,28562,"like big cities,cook at home,go to the gym,consume dairy products",NA,93
2019-01-10T19:54:44Z,2019-01-10 19:57:53,100,188,True,2019-01-10 19:57:53,NA,anonymous,EN,75,70,80,85,59,50,Male,70,6,28717,"like big cities,cook at home,go to the gym,consume dairy products",none,94
2019-01-10T20:20:14Z,2019-01-10 20:22:33,100,138,True,2019-01-10 20:22:33,NA,anonymous,EN,50,60,75,90,80,50,Male,43,5,36830,"like big cities,cook at home,go to the gym,consume dairy products",NA,95
2019-01-10T15:28:16Z,2019-01-10 15:31:10,100,173,True,2019-01-10 15:31:10,NA,anonymous,EN,50,65,75,95,90,70,Male,30,3,32569,"like big cities,cook at home,go to the gym,consume dairy products",Seemed a bit odd but fun,96
2019-01-10T15:16:11Z,2019-01-10 15:19:57,100,226,True,2019-01-10 15:19:57,NA,anonymous,EN,75,70,85,80,90,80,Male,42,1,80226,"like big cities,cook at home,go to the gym,consume dairy products",thx,97
2019-01-10T15:50:27Z,2019-01-10 15:55:32,100,305,True,2019-01-10 15:55:35,NA,anonymous,EN,40,77,81,50,70,46,Female,27,2,32828,"like big cities,cook at home,go to the gym,consume dairy products",NA,98
2019-01-10T15:53:57Z,2019-01-10 15:56:24,100,146,True,2019-01-10 15:56:24,NA,anonymous,EN,90,75,100,100,100,75,Female,49,4,60193,"like big cities,cook at home,go to the gym,consume dairy products",NA,99
2019-01-10T18:34:12Z,2019-01-10 18:35:59,100,107,True,2019-01-10 18:35:59,NA,anonymous,EN,51,58,91,90,50,49,Female,33,3,02921,"like big cities,cook at home,go to the gym,consume dairy products",NA,100
2019-01-10T15:56:11Z,2019-01-10 15:58:25,100,133,True,2019-01-10 15:58:26,NA,anonymous,EN,60,70,90,65,95,75,Female,38,2,75142,"like big cities,cook at home,go to the gym,consume dairy products",NA,101
2019-01-10T18:33:27Z,2019-01-10 18:34:51,100,83,True,2019-01-10 18:34:51,NA,anonymous,EN,65,60,87,93,71,68,Male,36,1,47802,"like big cities,cook at home,go to the gym,consume dairy products",NA,102
2019-01-10T17:52:42Z,2019-01-10 17:55:11,100,149,True,2019-01-10 17:55:12,NA,anonymous,EN,71,65,95,80,75,85,Female,27,3,76013,"like big cities,cook at home,go to the gym,consume dairy products",NA,103
2019-01-10T19:00:12Z,2019-01-10 19:02:58,100,165,True,2019-01-10 19:02:59,NA,anonymous,EN,50,40,70,90,25,60,Male,24,2,89117,"like big cities,cook at home,go to the gym,consume dairy products,watch TV",NA,104
2019-01-10T19:28:44Z,2019-01-10 19:31:07,100,142,True,2019-01-10 19:31:07,NA,anonymous,EN,90,90,90,90,90,90,Female,25,4,18403,"like big cities,cook at home,go to the gym,consume dairy products",NA,105
2019-01-10T20:03:08Z,2019-01-10 20:10:04,100,416,True,2019-01-10 20:10:05,NA,anonymous,EN,47,42,86,67,58,62,Male,59,3,11106,"like big cities,cook at home,go to the gym,consume dairy products",Interesting and engaging.,106
2019-01-10T16:40:34Z,2019-01-10 16:43:20,100,165,True,2019-01-10 16:43:20,NA,anonymous,EN,80,70,100,100,60,40,Female,63,6,33710,"like big cities,cook at home,go to the gym,consume dairy products",NA,107
2019-01-10T19:35:52Z,2019-01-10 19:37:45,100,112,True,2019-01-10 19:37:45,NA,anonymous,EN,69,63,81,49,51,70,Female,33,6,11763,"like big cities,cook at home,go to the gym,consume dairy products",NA,108
2019-01-10T15:56:25Z,2019-01-10 15:58:47,100,142,True,2019-01-10 15:58:48,NA,anonymous,EN,40,70,70,60,70,40,Female,33,1,20783,"like big cities,cook at home,go to the gym,consume dairy products",NA,109
2019-01-10T15:35:38Z,2019-01-10 15:40:41,100,303,True,2019-01-10 15:40:42,NA,anonymous,EN,60,62,64,66,71,64,Female,25,4,30345,"like big cities,cook at home,go to the gym,consume dairy products",NA,110
2019-01-10T16:59:11Z,2019-01-10 17:00:56,100,105,True,2019-01-10 17:00:56,NA,anonymous,EN,70,80,50,70,70,60,Female,21,4,20715,"like big cities,cook at home,go to the gym,consume dairy products",NA,111
2019-01-10T20:14:45Z,2019-01-10 20:16:45,100,119,True,2019-01-10 20:16:46,NA,anonymous,EN,62,59,80,95,86,51,Female,33,2,77054,"like big cities,cook at home,go to the gym,consume dairy products",NA,112
2019-01-10T15:14:32Z,2019-01-10 15:17:35,100,182,True,2019-01-10 15:17:35,NA,anonymous,EN,85,75,100,95,100,95,Female,64,6,98597,"like big cities,cook at home,go to the gym,consume dairy products",NA,113
2019-01-10T18:38:40Z,2019-01-10 18:41:02,100,141,True,2019-01-10 18:41:02,NA,anonymous,EN,74,60,96,77,88,79,Female,44,4,32213,"like big cities,cook at home,go to the gym,consume dairy products",NA,114
2019-01-10T15:21:05Z,2019-01-10 15:23:16,100,131,True,2019-01-10 15:23:17,NA,anonymous,EN,60,65,90,90,95,65,Male,39,5,32065,"like big cities,cook at home,go to the gym,consume dairy products",NA,115
2019-01-10T20:27:50Z,2019-01-10 20:29:29,100,99,True,2019-01-10 20:29:29,NA,anonymous,EN,72,86,87,62,73,80,Female,53,2,33544,"like big cities,cook at home,go to the gym,consume dairy products",NA,116
2019-01-10T15:10:12Z,2019-01-10 15:13:20,100,187,True,2019-01-10 15:13:20,NA,anonymous,EN,20,15,80,95,40,30,Male,24,5,37604,"like big cities,cook at home,go to the gym,consume dairy products",SImple and easy to complete. Have a nice day. :),117
2019-01-10T17:21:19Z,2019-01-10 17:22:53,100,94,True,2019-01-10 17:22:53,NA,anonymous,EN,47,70,79,88,90,73,Female,41,2,62561,"like big cities,cook at home,go to the gym,consume dairy products",NA,118
2019-01-10T17:49:11Z,2019-01-10 17:51:00,100,109,True,2019-01-10 17:51:00,NA,anonymous,EN,37,37,73,87,62,26,Female,43,1,15206,"like big cities,cook at home,go to the gym,consume dairy products",NA,119
2019-01-10T20:56:47Z,2019-01-10 21:02:17,100,330,True,2019-01-10 21:02:17,NA,anonymous,EN,78,73,84,57,78,68,Female,27,5,76078,watch TV,NA,120
2019-01-10T19:34:19Z,2019-01-10 19:35:48,100,88,True,2019-01-10 19:35:48,NA,anonymous,EN,40,62,98,92,75,53,Female,41,6,85254,"like big cities,cook at home,go to the gym,consume dairy products",NA,121
2019-01-10T15:50:53Z,2019-01-10 15:52:22,100,88,True,2019-01-10 15:52:23,NA,anonymous,EN,43,82,60,84,62,48,Male,30,6,33617,"like big cities,cook at home,go to the gym,consume dairy products",NA,122
2019-01-10T15:58:51Z,2019-01-10 16:00:53,100,122,True,2019-01-10 16:00:53,NA,anonymous,EN,44,58,70,85,60,35,Female,33,5,91942,"like big cities,cook at home,go to the gym,consume dairy products",NA,123
2019-01-10T17:47:30Z,2019-01-10 17:48:53,100,83,True,2019-01-10 17:48:54,NA,anonymous,EN,92,59,93,73,64,88,Female,37,6,32244,"like big cities,cook at home,go to the gym,consume dairy products",NA,124
2019-01-10T19:17:49Z,2019-01-10 19:20:24,100,154,True,2019-01-10 19:20:24,NA,anonymous,EN,80,65,80,75,65,70,Male,42,2,08234,"like big cities,cook at home,go to the gym,consume dairy products",NA,125
2019-01-10T15:12:32Z,2019-01-10 15:14:23,100,110,True,2019-01-10 15:14:24,NA,anonymous,EN,60,61,85,82,56,58,Male,55,5,93711,"like big cities,cook at home,go to the gym,consume dairy products",Thank you.,126
2019-01-10T17:51:35Z,2019-01-10 17:53:59,100,143,True,2019-01-10 17:53:59,NA,anonymous,EN,75,55,70,85,65,60,Male,33,3,94606,"like big cities,cook at home,go to the gym,consume dairy products",NA,127
2019-01-10T15:16:18Z,2019-01-10 15:18:37,100,139,True,2019-01-10 15:18:38,NA,anonymous,EN,70,66,72,80,70,60,Female,36,4,10470,"like big cities,cook at home,go to the gym,consume dairy products",NA,128
2019-01-10T16:39:23Z,2019-01-10 16:42:06,100,162,True,2019-01-10 16:42:06,NA,anonymous,EN,75,55,75,73,90,60,Male,27,1,55416,"like big cities,cook at home,go to the gym,consume dairy products",I have none at this time. Thank you.,129
2019-01-10T19:34:41Z,2019-01-10 19:37:08,100,147,True,2019-01-10 19:37:08,NA,anonymous,EN,61,49,72,55,60,57,Male,36,6,37207,"like big cities,cook at home,go to the gym,consume dairy products",NA,130
2019-01-10T15:15:31Z,2019-01-10 15:16:41,100,69,True,2019-01-10 15:16:41,NA,anonymous,EN,48,39,49,79,69,17,Female,30,1,63304,"like big cities,cook at home,go to the gym,consume dairy products",NA,131
2019-01-10T15:11:05Z,2019-01-10 15:13:22,100,136,True,2019-01-10 15:13:22,NA,anonymous,EN,30,58,86,89,85,98,Female,34,2,91722,"like big cities,go to the gym,consume dairy products,go to the movies,go to bars",NA,132
2019-01-10T18:27:49Z,2019-01-10 18:29:31,100,102,True,2019-01-10 18:29:32,NA,anonymous,EN,75,71,91,83,62,68,Male,36,4,08030,"like big cities,cook at home,go to the gym,consume dairy products",NA,133
2019-01-10T15:13:09Z,2019-01-10 15:14:48,100,98,True,2019-01-10 15:14:48,NA,anonymous,EN,70,76,80,89,89,56,Female,18,2,90660,"like big cities,cook at home,go to the gym,consume dairy products",NA,134
2019-01-10T15:13:56Z,2019-01-10 15:14:55,100,58,True,2019-01-10 15:14:55,NA,anonymous,EN,53,56,49,67,69,53,Female,20,4,59501,"cook at home,consume dairy products,watch TV",NA,135
2019-01-10T15:09:28Z,2019-01-10 15:10:24,100,55,True,2019-01-10 15:10:24,NA,anonymous,EN,70,33,71,63,28,67,Female,27,6,65721,"like big cities,cook at home,go to the gym,go to the movies",NA,136
2019-01-10T19:33:18Z,2019-01-10 19:35:21,100,122,True,2019-01-10 19:35:21,NA,anonymous,EN,76,78,73,90,84,89,Male,28,6,12209,like big cities,good,137
2019-01-10T15:59:16Z,2019-01-10 16:02:42,100,205,True,2019-01-10 16:02:42,NA,anonymous,EN,85,65,100,65,100,80,Male,71,1,23803,"like big cities,cook at home,go to the gym,consume dairy products",NA,138
2019-01-10T16:07:17Z,2019-01-10 16:09:34,100,136,True,2019-01-10 16:09:34,NA,anonymous,EN,62,65,68,81,41,40,Female,26,2,27560,"like big cities,cook at home,go to the gym,consume dairy products",NA,139
2019-01-10T20:23:21Z,2019-01-10 20:25:08,100,107,True,2019-01-10 20:25:08,NA,anonymous,EN,100,80,94,97,90,79,Female,26,2,55350,"like big cities,cook at home,go to the gym,consume dairy products",NA,140
2019-01-10T18:26:11Z,2019-01-10 18:28:56,100,164,True,2019-01-10 18:28:56,NA,anonymous,EN,46,85,92,68,64,36,Female,49,4,33025,"like big cities,cook at home,go to the gym,consume dairy products",no,141
2019-01-10T19:31:46Z,2019-01-10 19:35:01,100,195,True,2019-01-10 19:35:02,NA,anonymous,EN,63,52,55,77,60,60,Male,25,5,36605,read newspapers,GOOD,142
2019-01-10T16:37:55Z,2019-01-10 16:41:42,100,227,True,2019-01-10 16:41:43,NA,anonymous,EN,51,65,80,80,80,63,Female,50,7,75569,"like big cities,cook at home,go to the gym,consume dairy products",NA,143
2019-01-10T17:31:17Z,2019-01-10 17:35:35,100,257,True,2019-01-10 17:35:35,NA,anonymous,EN,40,50,80,75,65,30,Male,21,5,50010,"like big cities,cook at home,go to the gym,consume dairy products",NA,144
2019-01-10T17:22:54Z,2019-01-10 17:25:03,100,129,True,2019-01-10 17:25:04,NA,anonymous,EN,49,56,80,60,65,36,Female,67,2,45236,"like big cities,cook at home,go to the gym,consume dairy products",NA,145
2019-01-10T17:59:06Z,2019-01-10 18:00:51,100,104,True,2019-01-10 18:00:51,NA,anonymous,EN,75,56,70,90,65,40,Female,28,1,44266,"like big cities,cook at home,go to the gym,consume dairy products",NA,146
2019-01-10T16:00:26Z,2019-01-10 16:02:47,100,140,True,2019-01-10 16:02:47,NA,anonymous,EN,55,70,100,95,100,40,Female,29,7,73130,"like big cities,cook at home,go to the gym,consume dairy products",NA,147
2019-01-10T15:15:03Z,2019-01-10 15:18:38,100,215,True,2019-01-10 15:18:38,NA,anonymous,EN,80,80,80,80,80,80,Male,19,7,55408,"like big cities,cook at home,go to the gym,consume dairy products",NA,148
2019-01-10T17:00:18Z,2019-01-10 17:01:57,100,99,True,2019-01-10 17:01:58,NA,anonymous,EN,50,75,75,66,60,65,Female,25,2,32960,"like big cities,cook at home,go to the gym,consume dairy products",NA,149
2019-01-10T17:51:25Z,2019-01-10 17:53:41,100,136,True,2019-01-10 17:53:41,NA,anonymous,EN,70,60,85,60,75,35,Male,22,3,34476,"like big cities,cook at home,go to the gym,consume dairy products",NA,150
2019-01-10T20:02:06Z,2019-01-10 20:05:07,100,181,True,2019-01-10 20:05:07,NA,anonymous,EN,60,30,90,85,75,45,Female,28,4,53146,"like big cities,cook at home,go to the gym,consume dairy products,go to the movies",NA,151
2019-01-10T19:38:50Z,2019-01-10 19:40:38,100,107,True,2019-01-10 19:40:38,NA,anonymous,EN,75,75,90,90,80,80,Female,33,1,33441,"like big cities,cook at home,go to the gym,consume dairy products",NA,152
2019-01-10T18:13:14Z,2019-01-10 18:16:28,100,194,True,2019-01-10 18:16:28,NA,anonymous,EN,81,90,90,83,100,80,Male,29,4,80219,"like big cities,cook at home,go to the gym,consume dairy products,watch TV",NA,153
2019-01-10T18:57:08Z,2019-01-10 18:59:38,100,149,True,2019-01-10 18:59:38,NA,anonymous,EN,82,73,76,77,84,78,Female,49,2,33071,"cook at home,go to the gym,consume dairy products",NA,154
2019-01-10T15:24:50Z,2019-01-10 15:26:16,100,86,True,2019-01-10 15:26:17,NA,anonymous,EN,45,40,60,65,60,50,Male,47,6,84124,"like big cities,cook at home,go to the gym,consume dairy products",NA,155
2019-01-10T18:28:54Z,2019-01-10 18:30:18,100,83,True,2019-01-10 18:30:18,NA,anonymous,EN,71,72,76,88,73,75,Female,39,1,19027,"like big cities,cook at home,go to the gym,consume dairy products",NA,156
2019-01-10T17:23:27Z,2019-01-10 17:26:02,100,154,True,2019-01-10 17:26:02,NA,anonymous,EN,80,67,97,92,75,75,Female,38,3,46220,"like big cities,cook at home,go to the gym,consume dairy products",n/a,157
2019-01-10T15:09:50Z,2019-01-10 15:13:31,100,220,True,2019-01-10 15:13:31,NA,anonymous,EN,55,53,92,63,96,58,Female,23,4,95829,"like big cities,cook at home,go to the gym,consume dairy products",NA,158
2019-01-10T17:17:42Z,2019-01-10 17:20:31,100,168,True,2019-01-10 17:20:31,NA,anonymous,EN,18,65,75,75,53,65,Male,41,4,23320,"like big cities,cook at home,go to the gym,consume dairy products",NA,159
2019-01-10T16:53:17Z,2019-01-10 16:55:40,100,142,True,2019-01-10 16:55:40,NA,anonymous,EN,95,95,95,95,95,95,Female,26,1,45344,"like big cities,cook at home,go to the gym,consume dairy products",NA,160
2019-01-10T16:43:09Z,2019-01-10 16:44:55,100,105,True,2019-01-10 16:44:55,NA,anonymous,EN,76,56,70,83,66,66,Female,26,4,40108,"like big cities,cook at home,go to the gym,consume dairy products",NA,161
2019-01-10T15:57:03Z,2019-01-10 15:59:39,100,156,True,2019-01-10 15:59:40,NA,anonymous,EN,40,65,72,85,79,75,Female,25,6,73013,"like big cities,cook at home,go to the gym,consume dairy products",NA,162
2019-01-10T19:00:36Z,2019-01-10 19:02:32,100,115,True,2019-01-10 19:02:33,NA,anonymous,EN,55,33,75,60,80,65,Male,32,2,48152,"like big cities,cook at home,go to the gym,consume dairy products",NA,163
2019-01-10T19:54:25Z,2019-01-10 19:55:49,100,83,True,2019-01-10 19:55:49,NA,anonymous,EN,18,62,80,30,68,40,Female,21,5,08048,"like big cities,cook at home,go to the gym,consume dairy products",NA,164
2019-01-10T19:14:37Z,2019-01-10 19:17:05,100,147,True,2019-01-10 19:17:05,NA,anonymous,EN,80,70,85,90,75,55,Male,50,4,19444,"like big cities,cook at home,go to the gym,consume dairy products",NA,165
2019-01-10T19:54:19Z,2019-01-10 19:56:20,100,121,True,2019-01-10 19:56:21,NA,anonymous,EN,68,59,79,86,32,47,Male,56,3,79907,"like big cities,cook at home,go to the gym,consume dairy products",NONE,166
2019-01-10T18:36:47Z,2019-01-10 18:38:33,100,105,True,2019-01-10 18:38:33,NA,anonymous,EN,96,99,94,98,85,99,Male,51,4,75061,"like big cities,cook at home,go to the gym,consume dairy products",NA,167
2019-01-10T20:18:42Z,2019-01-10 20:21:36,100,174,True,2019-01-10 20:21:37,NA,anonymous,EN,91,73,71,99,72,64,Male,34,3,11040,"like big cities,cook at home,go to the gym,consume dairy products",NA,168
2019-01-10T17:44:54Z,2019-01-10 17:46:53,100,118,True,2019-01-10 17:46:53,NA,anonymous,EN,70,60,50,50,70,50,Female,29,3,23454,"like big cities,cook at home,go to the gym,consume dairy products",NA,169
2019-01-10T15:28:12Z,2019-01-10 15:29:55,100,103,True,2019-01-10 15:29:55,NA,anonymous,EN,90,90,90,90,90,90,Female,27,4,08087,"like big cities,cook at home,go to the gym,consume dairy products",NA,170
2019-01-10T20:24:18Z,2019-01-10 20:25:40,100,81,True,2019-01-10 20:25:40,NA,anonymous,EN,62,68,63,71,71,52,Female,19,4,28117,"like big cities,cook at home,go to the gym,consume dairy products",NA,171
2019-01-10T15:25:53Z,2019-01-10 15:27:58,100,125,True,2019-01-10 15:27:59,NA,anonymous,EN,69,70,88,96,90,75,Male,28,2,29579,"like big cities,cook at home,go to the gym,consume dairy products",NA,172
2019-01-10T18:42:34Z,2019-01-10 18:44:40,100,126,True,2019-01-10 18:44:40,NA,anonymous,EN,42,24,87,47,61,35,Female,26,4,48185,"like big cities,cook at home,consume dairy products",Very interesting,173
2019-01-10T15:11:28Z,2019-01-10 15:13:19,100,111,True,2019-01-10 15:13:19,NA,anonymous,EN,70,60,92,94,60,73,Male,24,2,02892,"like big cities,cook at home,go to the gym,consume dairy products",NA,174
2019-01-10T16:15:03Z,2019-01-10 16:17:48,100,164,True,2019-01-10 16:17:48,NA,anonymous,EN,70,75,90,90,80,60,Male,36,5,15229,"like big cities,cook at home,go to the gym,consume dairy products",NA,175
2019-01-10T15:12:11Z,2019-01-10 15:15:16,100,184,True,2019-01-10 15:15:16,NA,anonymous,EN,77,60,90,95,80,40,Male,36,4,74523,"like big cities,cook at home,go to the gym,consume dairy products",NA,176
2019-01-10T15:10:35Z,2019-01-10 15:12:48,100,132,True,2019-01-10 15:12:48,NA,anonymous,EN,60,60,60,70,60,60,Female,36,2,11361,"like big cities,cook at home,go to the gym,consume dairy products",NA,177
2019-01-10T17:51:08Z,2019-01-10 17:54:27,100,198,True,2019-01-10 17:54:27,NA,anonymous,EN,70,70,70,70,70,70,Female,31,3,92064,"like big cities,cook at home,go to the gym,consume dairy products",No thanks!,178
2019-01-10T15:18:55Z,2019-01-10 15:20:21,100,85,True,2019-01-10 15:20:21,NA,anonymous,EN,54,67,76,42,69,50,Female,44,1,30252,"like big cities,cook at home,go to the gym,consume dairy products",NA,179
2019-01-10T17:01:40Z,2019-01-10 17:03:25,100,104,True,2019-01-10 17:03:25,NA,anonymous,EN,65,80,75,75,80,65,Female,34,2,12508,"like big cities,cook at home,go to the gym",NA,180
2019-01-10T17:59:07Z,2019-01-10 18:00:17,100,69,True,2019-01-10 18:00:17,NA,anonymous,EN,44,53,62,54,62,45,Female,23,3,33012,"like big cities,cook at home,go to the gym,consume dairy products",NA,181
2019-01-10T15:48:18Z,2019-01-10 15:50:03,100,104,True,2019-01-10 15:50:08,NA,anonymous,EN,59,34,95,84,8,53,Female,28,4,77627,"like big cities,cook at home,consume dairy products,watch TV,go to the movies,go to bars",NA,182
2019-01-10T20:13:20Z,2019-01-10 20:16:05,100,165,True,2019-01-10 20:16:06,NA,anonymous,EN,53,56,43,46,54,54,Female,27,6,01028,"like big cities,consume dairy products",NA,183
2019-01-10T15:36:26Z,2019-01-10 15:38:36,100,129,True,2019-01-10 15:38:36,NA,anonymous,EN,60,60,90,97,91,70,Male,28,2,64730,"like big cities,cook at home,go to the gym,consume dairy products",NA,184
2019-01-10T15:53:07Z,2019-01-10 15:55:12,100,125,True,2019-01-10 15:55:13,NA,anonymous,EN,100,100,100,100,100,100,Male,62,4,60185,"like big cities,cook at home,go to the gym,consume dairy products",NA,185
2019-01-10T19:03:32Z,2019-01-10 19:05:44,100,131,True,2019-01-10 19:05:44,NA,anonymous,EN,99,64,99,99,99,100,Male,31,4,37013,"like big cities,cook at home,go to the gym,consume dairy products",NA,186
2019-01-10T17:09:41Z,2019-01-10 17:11:52,100,130,True,2019-01-10 17:11:52,NA,anonymous,EN,61,61,61,61,91,61,Male,24,4,28754,"like big cities,cook at home,consume dairy products",Thank you for the work!,187
2019-01-10T17:57:49Z,2019-01-10 17:59:02,100,73,True,2019-01-10 17:59:03,NA,anonymous,EN,62,61,53,75,56,43,Female,30,3,91911,"like big cities,cook at home,go to the gym,consume dairy products",NA,188
2019-01-10T18:45:43Z,2019-01-10 18:47:26,100,103,True,2019-01-10 18:47:27,NA,anonymous,EN,67,52,63,77,69,58,Female,34,1,14224,"like big cities,cook at home,go to the gym,consume dairy products",NA,189
2019-01-10T20:27:05Z,2019-01-10 20:31:14,100,248,True,2019-01-10 20:31:14,NA,anonymous,EN,75,75,75,90,80,75,Male,35,6,33876,"like big cities,cook at home,go to the gym,consume dairy products",NA,190
2019-01-10T16:03:11Z,2019-01-10 16:04:14,100,62,True,2019-01-10 16:04:14,NA,anonymous,EN,89,88,96,92,94,95,Female,25,7,85020,"like big cities,cook at home,go to the gym,consume dairy products",NA,191
2019-01-10T17:46:18Z,2019-01-10 17:50:14,100,236,True,2019-01-10 17:50:14,NA,anonymous,EN,59,67,99,89,76,74,Male,39,3,53565,"like big cities,cook at home,go to the gym,consume dairy products",NA,192
2019-01-10T18:37:05Z,2019-01-10 18:39:19,100,134,True,2019-01-10 18:39:20,NA,anonymous,EN,70,80,75,91,80,61,Male,37,4,33812,"like big cities,cook at home,go to the gym,consume dairy products",NA,193
2019-01-10T19:44:36Z,2019-01-10 19:46:56,100,140,True,2019-01-10 19:46:56,NA,anonymous,EN,51,53,51,53,72,51,Other/Non-conforming,33,3,62694,"like big cities,cook at home,go to the gym,consume dairy products","You need to pay more for the amount of time that you made this survey take. And, you never told me that you wanted or needed me to memorize what you were asking about.",194
2019-01-10T20:02:20Z,2019-01-10 20:04:13,100,112,True,2019-01-10 20:04:13,NA,anonymous,EN,80,70,95,87,100,78,Female,29,1,55328,"like big cities,cook at home,go to the gym,consume dairy products",NA,195
2019-01-10T19:56:38Z,2019-01-10 19:58:03,100,85,True,2019-01-10 19:58:03,NA,anonymous,EN,57,16,63,91,85,39,Male,31,4,45840,"like big cities,cook at home,go to the gym,consume dairy products",NA,196
2019-01-10T17:07:40Z,2019-01-10 17:09:05,100,85,True,2019-01-10 17:09:05,NA,anonymous,EN,60,60,80,80,80,70,Female,28,4,08865,"like big cities,cook at home,go to the gym,consume dairy products",No comment,197
2019-01-10T19:59:03Z,2019-01-10 20:01:41,100,158,True,2019-01-10 20:01:41,NA,anonymous,EN,82,94,90,80,95,77,Male,27,6,76078,"cook at home,go to the gym,watch TV,go to the movies",nice,198
2019-01-10T15:13:10Z,2019-01-10 15:15:51,100,161,True,2019-01-10 15:15:52,NA,anonymous,EN,65,63,64,84,70,67,Male,25,7,30043,"like big cities,cook at home,go to the gym,consume dairy products",NA,199
2019-01-10T20:34:28Z,2019-01-10 20:37:25,100,176,True,2019-01-10 20:37:25,NA,anonymous,EN,56,55,76,78,75,55,Male,41,1,78413,"like big cities,cook at home,go to the gym,consume dairy products",NA,200
2019-01-10T20:27:53Z,2019-01-10 20:30:04,100,131,True,2019-01-10 20:30:05,NA,anonymous,EN,85,85,85,85,85,80,Female,55,4,32407,"like big cities,cook at home,go to the gym,consume dairy products",NA,201
2019-01-10T20:09:09Z,2019-01-10 20:11:33,100,144,True,2019-01-10 20:11:34,NA,anonymous,EN,55,63,85,90,65,55,Female,43,2,56304,"like big cities,cook at home,go to the gym,consume dairy products,watch TV",NA,202
2019-01-10T19:01:54Z,2019-01-10 19:04:14,100,140,True,2019-01-10 19:04:14,NA,anonymous,EN,70,65,90,90,75,55,Male,26,4,60638,"like big cities,cook at home,go to the gym,consume dairy products",None really. I appreciate the opportunity!,203
2019-01-10T19:56:14Z,2019-01-10 19:58:29,100,135,True,2019-01-10 19:58:30,NA,anonymous,EN,72,75,72,81,62,32,Female,48,3,22101,"like big cities,cook at home,go to the gym,consume dairy products",NA,204
2019-01-10T18:49:32Z,2019-01-10 18:51:56,100,144,True,2019-01-10 18:51:56,NA,anonymous,EN,70,55,85,75,65,60,Male,43,6,03054,"like big cities,cook at home,go to the gym,consume dairy products",NA,205
2019-01-10T17:58:39Z,2019-01-10 18:07:01,100,502,True,2019-01-10 18:07:02,NA,anonymous,EN,80,42,84,75,62,50,Male,37,3,28752,"like big cities,cook at home,go to the gym,consume dairy products",NA,206
2019-01-10T16:01:26Z,2019-01-10 16:02:36,100,70,True,2019-01-10 16:02:36,NA,anonymous,EN,24,24,75,76,50,19,Female,31,2,23518,"like big cities,cook at home,go to the gym,consume dairy products",NA,207
2019-01-10T15:43:10Z,2019-01-10 15:45:55,100,164,True,2019-01-10 15:45:55,NA,anonymous,EN,100,100,100,100,100,100,Female,29,1,05764,"like big cities,cook at home,go to the gym,consume dairy products,read newspapers",NA,208
2019-01-10T15:34:21Z,2019-01-10 15:37:36,100,195,True,2019-01-10 15:37:36,NA,anonymous,EN,70,50,90,80,50,60,Male,25,3,55113,"like big cities,cook at home,go to the gym,consume dairy products",NA,209
2019-01-10T17:47:00Z,2019-01-10 17:48:39,100,98,True,2019-01-10 17:48:40,NA,anonymous,EN,60,60,90,95,20,25,Female,23,3,55414,"watch TV,read newspapers,go to the movies,go to bars",NA,210
2019-01-10T18:24:56Z,2019-01-10 18:25:43,100,46,True,2019-01-10 18:25:43,NA,anonymous,EN,82,79,71,84,83,81,Female,28,1,67214,like big cities,None,211
2019-01-10T17:15:44Z,2019-01-10 17:17:06,100,81,True,2019-01-10 17:17:06,NA,anonymous,EN,49,48,57,58,50,39,Male,47,6,70001,"like big cities,cook at home,go to the gym,consume dairy products",NA,212
2019-01-10T15:54:16Z,2019-01-10 15:57:23,100,187,True,2019-01-10 15:57:24,NA,anonymous,EN,71,70,76,71,50,77,Female,45,5,30188,"like big cities,cook at home,go to the gym,consume dairy products",NA,213
2019-01-10T16:18:04Z,2019-01-10 16:19:38,100,93,True,2019-01-10 16:19:38,NA,anonymous,EN,74,55,83,88,85,72,Female,18,6,76712,"like big cities,cook at home,go to the gym,consume dairy products",NA,214
2019-01-10T20:27:25Z,2019-01-10 20:29:48,100,143,True,2019-01-10 20:29:49,NA,anonymous,EN,65,75,75,85,90,75,Female,22,1,10023,"like big cities,cook at home,go to the gym,consume dairy products",NA,215
2019-01-10T15:15:06Z,2019-01-10 15:19:37,100,271,True,2019-01-10 15:19:37,NA,anonymous,EN,35,50,95,75,51,40,Female,46,4,29472,"like big cities,cook at home,go to the gym,consume dairy products",Thank you,216
2019-01-10T15:47:34Z,2019-01-10 15:49:39,100,125,True,2019-01-10 15:49:41,NA,anonymous,EN,75,80,99,76,96,75,Female,36,2,75063,"like big cities,cook at home,go to the gym,consume dairy products",I hope I got them all on the attention check... Ack,217
2019-01-10T17:20:31Z,2019-01-10 17:23:32,100,180,True,2019-01-10 17:23:32,NA,anonymous,EN,81,72,96,83,77,74,Male,42,4,20910,"like big cities,cook at home,go to the gym,consume dairy products",NA,218
2019-01-10T18:02:34Z,2019-01-10 18:04:22,100,108,True,2019-01-10 18:04:23,NA,anonymous,EN,70,68,72,67,71,43,Female,20,1,20912,"like big cities,cook at home,go to the gym,consume dairy products",NA,219
2019-01-10T18:02:29Z,2019-01-10 18:05:55,100,206,True,2019-01-10 18:05:56,NA,anonymous,EN,47,49,82,85,70,30,Female,43,4,43085,"like big cities,cook at home,go to the gym,consume dairy products",NA,220
2019-01-10T16:08:11Z,2019-01-10 16:09:27,100,75,True,2019-01-10 16:09:27,NA,anonymous,EN,54,19,65,80,38,35,Female,26,2,60178,"like big cities,cook at home,go to the gym,consume dairy products",NA,221
2019-01-10T15:47:26Z,2019-01-10 15:49:48,100,142,True,2019-01-10 15:49:49,NA,anonymous,EN,50,72,79,60,30,35,Female,22,2,68516,"like big cities,cook at home,go to the gym,consume dairy products",NA,222
2019-01-10T20:21:02Z,2019-01-10 20:23:41,100,159,True,2019-01-10 20:23:42,NA,anonymous,EN,60,76,65,90,60,75,Female,30,3,90066,"like big cities,cook at home,go to the gym,consume dairy products",NA,223
2019-01-10T18:32:18Z,2019-01-10 18:34:46,100,147,True,2019-01-10 18:34:46,NA,anonymous,EN,60,50,80,90,80,75,Male,30,7,53105,"like big cities,cook at home,go to the gym,consume dairy products",NA,224
2019-01-10T15:11:26Z,2019-01-10 15:12:17,100,50,True,2019-01-10 15:12:17,NA,anonymous,EN,67,48,48,56,34,38,Male,29,2,70802,"like big cities,cook at home,go to the gym,read newspapers,go to the movies",N/A,225
2019-01-10T16:59:32Z,2019-01-10 17:01:10,100,98,True,2019-01-10 17:01:12,NA,anonymous,EN,66,66,90,80,54,50,Female,32,3,45629,"like big cities,cook at home,go to the gym,consume dairy products",NA,226
2019-01-10T15:43:22Z,2019-01-10 15:44:57,100,95,True,2019-01-10 15:44:58,NA,anonymous,EN,70,50,86,90,80,74,Female,18,3,95355,"like big cities,cook at home,go to the gym,consume dairy products",NA,227
2019-01-10T16:52:48Z,2019-01-10 16:55:38,100,170,True,2019-01-10 16:55:38,NA,anonymous,EN,70,80,93,90,95,80,Male,23,5,32817,"like big cities,cook at home,go to the gym,consume dairy products",NA,228
2019-01-10T18:34:16Z,2019-01-10 18:36:34,100,138,True,2019-01-10 18:36:35,NA,anonymous,EN,75,77,76,78,74,72,Male,28,5,90014,"like big cities,cook at home,go to the gym,consume dairy products",none,229
2019-01-10T17:46:07Z,2019-01-10 17:48:05,100,117,True,2019-01-10 17:48:05,NA,anonymous,EN,77,76,83,89,97,73,Female,64,3,94901,"like big cities,cook at home,go to the gym,consume dairy products",NA,230
2019-01-10T15:54:23Z,2019-01-10 15:56:03,100,100,True,2019-01-10 15:56:03,NA,anonymous,EN,75,55,70,80,60,50,Male,22,5,14623,"like big cities,cook at home,go to the gym,consume dairy products",NA,231
2019-01-10T18:14:31Z,2019-01-10 18:16:03,100,92,True,2019-01-10 18:16:03,NA,anonymous,EN,60,55,60,65,40,60,Male,35,3,91744,"like big cities,cook at home,go to the gym,consume dairy products",Thank you!,232
2019-01-10T15:34:08Z,2019-01-10 15:36:02,100,114,True,2019-01-10 15:36:03,NA,anonymous,EN,33,37,66,85,46,24,Male,23,3,30096,"like big cities,cook at home,go to the gym,consume dairy products",I'd like to know what the study is specifically for!,233
2019-01-10T16:22:15Z,2019-01-10 16:23:49,100,94,True,2019-01-10 16:23:50,NA,anonymous,EN,60,79,70,86,62,56,Male,30,4,22310,"like big cities,cook at home,go to the gym,consume dairy products",NA,234
2019-01-10T19:19:50Z,2019-01-10 19:23:32,100,221,True,2019-01-10 19:23:32,NA,anonymous,EN,60,40,80,85,70,65,Male,35,3,97123,"like big cities,cook at home,go to the gym,consume dairy products",NA,235
2019-01-10T15:56:03Z,2019-01-10 15:58:11,100,127,True,2019-01-10 15:58:11,NA,anonymous,EN,64,63,65,60,74,57,Female,60,5,95355,"cook at home,consume dairy products",NA,236
2019-01-10T15:16:57Z,2019-01-10 15:24:19,100,442,True,2019-01-10 15:24:20,NA,anonymous,EN,63,71,75,73,69,45,Female,42,5,32950,"like big cities,cook at home,go to the gym,consume dairy products",NA,237
2019-01-10T18:20:54Z,2019-01-10 18:22:44,100,110,True,2019-01-10 18:22:44,NA,anonymous,EN,70,55,50,80,50,50,Male,28,1,75209,"like big cities,cook at home,go to the gym,consume dairy products",NA,238
2019-01-10T19:33:13Z,2019-01-10 19:42:00,100,527,True,2019-01-10 19:42:01,NA,anonymous,EN,99,82,99,90,100,91,Male,27,7,46360,cook at home,nice,239
2019-01-10T16:01:22Z,2019-01-10 16:04:08,100,165,True,2019-01-10 16:04:09,NA,anonymous,EN,61,51,82,92,73,69,Male,40,6,29671,"like big cities,cook at home,go to the gym,consume dairy products",NA,240
2019-01-10T17:14:16Z,2019-01-10 17:15:22,100,66,True,2019-01-10 17:15:23,NA,anonymous,EN,53,29,74,89,67,49,Female,22,6,42071,"like big cities,cook at home,go to the gym,consume dairy products",NA,241
2019-01-10T15:52:35Z,2019-01-10 15:54:35,100,119,True,2019-01-10 15:54:35,NA,anonymous,EN,65,40,60,70,55,55,Male,31,4,46075,"like big cities,cook at home,go to the gym,consume dairy products",Interesting HIT,242
2019-01-10T19:42:37Z,2019-01-10 19:44:52,100,134,True,2019-01-10 19:44:52,NA,anonymous,EN,80,67,85,94,66,60,Male,53,4,16066,"like big cities,cook at home,go to the gym,consume dairy products",NA,243
2019-01-10T16:31:21Z,2019-01-10 16:34:31,100,190,True,2019-01-10 16:34:31,NA,anonymous,EN,50,60,100,90,75,35,Female,52,4,04901,"like big cities,cook at home,go to the gym,consume dairy products",NA,244
2019-01-10T17:19:00Z,2019-01-10 17:20:17,100,77,True,2019-01-10 17:20:18,NA,anonymous,EN,62,52,54,81,65,58,Female,33,3,48837,"like big cities,cook at home,go to the gym,consume dairy products",NA,245
2019-01-10T16:46:20Z,2019-01-10 16:48:38,100,138,True,2019-01-10 16:48:39,NA,anonymous,EN,50,50,60,75,90,70,Female,19,2,02375,"like big cities,cook at home,go to the gym,consume dairy products",NA,246
2019-01-10T15:10:54Z,2019-01-10 15:13:48,100,174,True,2019-01-10 15:13:48,NA,anonymous,EN,81,67,82,80,97,72,Male,32,6,33222,"like big cities,cook at home,go to the gym,consume dairy products",good study,247
2019-01-10T16:59:48Z,2019-01-10 17:01:56,100,128,True,2019-01-10 17:01:56,NA,anonymous,EN,100,100,100,100,100,100,Female,52,4,44134,"like big cities,cook at home,go to the gym,consume dairy products",NA,248
2019-01-10T16:52:45Z,2019-01-10 16:55:18,100,152,True,2019-01-10 16:55:18,NA,anonymous,EN,70,55,76,78,51,68,Male,31,5,76106,cook at home,NA,249
2019-01-10T15:50:21Z,2019-01-10 15:52:21,100,119,True,2019-01-10 15:52:21,NA,anonymous,EN,77,80,90,95,95,75,Female,31,7,11411,"like big cities,cook at home,go to the gym,consume dairy products",Thank you!,250
2019-01-10T16:47:32Z,2019-01-10 16:49:47,100,134,True,2019-01-10 16:49:47,NA,anonymous,EN,60,40,80,90,50,60,Female,22,3,34667,"like big cities,cook at home,go to the gym,consume dairy products",NA,251
2019-01-10T19:47:11Z,2019-01-10 19:48:28,100,77,True,2019-01-10 19:48:29,NA,anonymous,EN,87,43,65,49,86,71,Other/Non-conforming,19,1,15217,"like big cities,cook at home,go to the gym,consume dairy products",NA,252
2019-01-10T18:03:44Z,2019-01-10 18:05:43,100,118,True,2019-01-10 18:05:43,NA,anonymous,EN,71,74,82,61,74,69,Female,44,4,33009,"like big cities,cook at home,go to the gym,consume dairy products",NA,253
2019-01-10T19:01:45Z,2019-01-10 19:03:14,100,89,True,2019-01-10 19:03:14,NA,anonymous,EN,90,90,90,90,90,90,Female,20,7,45069,"like big cities,cook at home,go to the gym,consume dairy products,watch TV",NA,254
2019-01-10T15:11:05Z,2019-01-10 15:19:23,100,498,True,2019-01-10 15:19:23,NA,anonymous,EN,100,100,100,98,100,100,Female,26,6,20832,"like big cities,cook at home,go to the gym,consume dairy products",interesting survey,255
2019-01-10T20:22:25Z,2019-01-10 20:24:17,100,111,True,2019-01-10 20:24:17,NA,anonymous,EN,50,74,77,70,64,30,Male,22,4,98122,"like big cities,cook at home,go to the gym,consume dairy products",NA,256
2019-01-10T15:42:28Z,2019-01-10 15:44:21,100,113,True,2019-01-10 15:44:21,NA,anonymous,EN,52,56,90,75,70,55,Male,28,6,54455,"like big cities,cook at home,go to the gym,consume dairy products",NA,257
2019-01-10T15:21:26Z,2019-01-10 15:23:00,100,94,True,2019-01-10 15:23:00,NA,anonymous,EN,75,68,72,90,70,75,Male,30,1,02360,"like big cities,cook at home,go to the gym,consume dairy products",none,258
2019-01-10T15:13:44Z,2019-01-10 15:16:46,100,182,True,2019-01-10 15:16:47,NA,anonymous,EN,70,65,75,90,70,60,Female,39,3,26003,"like big cities,cook at home,go to the gym,consume dairy products",NA,259
2019-01-10T15:50:21Z,2019-01-10 15:51:28,100,66,True,2019-01-10 15:51:28,NA,anonymous,EN,26,40,66,68,54,21,Female,31,3,62558,"like big cities,cook at home,go to the gym,consume dairy products",NA,260
2019-01-10T20:08:51Z,2019-01-10 20:10:21,100,89,True,2019-01-10 20:10:21,NA,anonymous,EN,77,54,89,84,53,50,Male,34,1,33334,"like big cities,cook at home,go to the gym,consume dairy products",NA,261
2019-01-10T15:10:37Z,2019-01-10 15:13:20,100,162,True,2019-01-10 15:13:20,NA,anonymous,EN,66,61,100,87,70,58,Female,28,3,28704,"like big cities,cook at home,go to the gym,consume dairy products",NA,262
2019-01-10T17:06:11Z,2019-01-10 17:09:07,100,176,True,2019-01-10 17:09:08,NA,anonymous,EN,50,45,50,60,40,60,Male,63,1,11106,"cook at home,go to the gym,consume dairy products",None,263
2019-01-10T20:29:15Z,2019-01-10 20:32:31,100,196,True,2019-01-10 20:32:32,NA,anonymous,EN,66,65,70,75,65,70,Female,59,4,95204,"like big cities,cook at home,go to the gym,consume dairy products",NA,264
2019-01-10T17:46:28Z,2019-01-10 17:48:20,100,112,True,2019-01-10 17:48:20,NA,anonymous,EN,49,31,76,76,54,19,Female,24,2,78759,"like big cities,cook at home,go to the gym,consume dairy products",NA,265
2019-01-10T19:40:00Z,2019-01-10 19:43:29,100,208,True,2019-01-10 19:43:30,NA,anonymous,EN,100,90,100,100,90,100,Female,36,4,68727,"like big cities,cook at home,go to the gym,consume dairy products,watch TV",NA,266
2019-01-10T15:15:53Z,2019-01-10 15:21:01,100,308,True,2019-01-10 15:21:01,NA,anonymous,EN,74,58,85,82,70,68,Male,30,4,46901,"like big cities,cook at home,go to the gym,consume dairy products",NA,267
2019-01-10T15:10:23Z,2019-01-10 15:11:35,100,72,True,2019-01-10 15:11:36,NA,anonymous,EN,61,50,69,68,67,62,Female,37,4,60452,"like big cities,cook at home,go to the gym,consume dairy products",NA,268
2019-01-10T15:10:59Z,2019-01-10 15:13:58,100,179,True,2019-01-10 15:13:59,NA,anonymous,EN,38,51,79,70,69,65,Male,45,4,44130,"like big cities,cook at home,go to the gym,consume dairy products",NA,269
2019-01-10T17:21:21Z,2019-01-10 17:23:00,100,98,True,2019-01-10 17:23:00,NA,anonymous,EN,51,65,100,51,100,100,Female,37,5,10014,"like big cities,cook at home,go to the gym,consume dairy products",no,270
2019-01-10T18:07:56Z,2019-01-10 18:11:11,100,195,True,2019-01-10 18:11:11,NA,anonymous,EN,66,62,67,77,85,80,Female,22,3,11216,"like big cities,cook at home,go to the gym,consume dairy products",NA,271
2019-01-10T15:51:06Z,2019-01-10 15:53:23,100,137,True,2019-01-10 15:53:23,NA,anonymous,EN,49,44,44,49,84,77,Male,22,3,33543,"like big cities,cook at home,go to the gym,consume dairy products",NA,272
2019-01-10T17:30:37Z,2019-01-10 17:34:01,100,204,True,2019-01-10 17:34:02,NA,anonymous,EN,70,57,62,60,60,59,Female,31,4,30153,"like big cities,cook at home,go to the gym,consume dairy products",NA,273
2019-01-10T17:28:23Z,2019-01-10 17:35:09,100,405,True,2019-01-10 17:35:09,NA,anonymous,EN,60,25,40,55,55,35,Female,34,2,48088,"like big cities,cook at home,watch TV",NA,274
2019-01-10T16:34:49Z,2019-01-10 16:36:40,100,110,True,2019-01-10 16:36:40,NA,anonymous,EN,61,64,91,92,92,91,Female,37,6,90025,"like big cities,cook at home,go to the gym,consume dairy products",NA,275
2019-01-10T15:10:17Z,2019-01-10 15:11:48,100,90,True,2019-01-10 15:11:48,NA,anonymous,EN,70,80,90,80,90,75,Female,19,2,98570,"cook at home,go to the gym,consume dairy products",NA,276
2019-01-10T16:59:25Z,2019-01-10 17:01:33,100,128,True,2019-01-10 17:01:34,NA,anonymous,EN,75,70,90,65,80,80,Female,29,5,31816,"like big cities,cook at home,go to the gym,consume dairy products",Fun and easy survey!,277
2019-01-10T15:19:45Z,2019-01-10 15:22:09,100,144,True,2019-01-10 15:22:09,NA,anonymous,EN,66,62,88,46,85,47,Male,30,4,17929,"like big cities,cook at home,consume dairy products",NA,278
2019-01-10T16:23:13Z,2019-01-10 16:25:07,100,114,True,2019-01-10 16:25:08,NA,anonymous,EN,60,50,90,95,30,30,Male,23,4,91030,"like big cities,cook at home,go to the gym,consume dairy products",NA,279
2019-01-10T18:33:56Z,2019-01-10 18:36:30,100,153,True,2019-01-10 18:36:30,NA,anonymous,EN,70,55,68,79,82,53,Female,33,2,07430,"like big cities,cook at home,go to the gym,consume dairy products",NA,280
2019-01-10T17:18:04Z,2019-01-10 17:19:35,100,91,True,2019-01-10 17:19:35,NA,anonymous,EN,65,70,75,85,79,70,Female,37,5,97086,"cook at home,go to the gym,consume dairy products",NA,281
2019-01-10T19:26:03Z,2019-01-10 19:29:51,100,228,True,2019-01-10 19:29:52,NA,anonymous,EN,78,58,65,76,64,75,Female,29,1,32607,"like big cities,cook at home,go to the gym,consume dairy products",NA,282
2019-01-10T16:30:41Z,2019-01-10 16:33:40,100,179,True,2019-01-10 16:33:41,NA,anonymous,EN,50,56,50,75,60,40,Female,28,2,28806,"like big cities,cook at home,go to the gym,consume dairy products",no comments.,283
2019-01-10T19:43:58Z,2019-01-10 19:46:00,100,121,True,2019-01-10 19:46:00,NA,anonymous,EN,51,80,95,90,75,60,Male,32,5,28215,"like big cities,cook at home,go to the gym,consume dairy products",NA,284
2019-01-10T20:01:37Z,2019-01-10 20:05:07,100,210,True,2019-01-10 20:05:07,NA,anonymous,EN,65,70,75,90,75,30,Male,27,5,29577,"like big cities,cook at home,go to the gym,consume dairy products",Unique and fun,285
2019-01-10T15:20:54Z,2019-01-10 15:22:56,100,121,True,2019-01-10 15:22:57,NA,anonymous,EN,72,65,80,80,70,60,Female,39,2,30606,"like big cities,cook at home,go to the gym,consume dairy products",NA,286
2019-01-10T16:44:09Z,2019-01-10 16:46:00,100,111,True,2019-01-10 16:46:00,NA,anonymous,EN,90,85,95,100,85,80,Female,24,2,36502,"like big cities,cook at home,go to the gym,consume dairy products",NA,287
2019-01-10T15:39:40Z,2019-01-10 15:41:08,100,88,True,2019-01-10 15:41:09,NA,anonymous,EN,70,20,85,80,35,40,Male,31,3,53704,"like big cities,cook at home,go to the gym,consume dairy products",NA,288
2019-01-10T17:00:58Z,2019-01-10 17:06:38,100,340,True,2019-01-10 17:06:39,NA,anonymous,EN,50,70,80,70,70,50,Male,35,4,94087,"like big cities,cook at home,go to the gym,consume dairy products",NA,289
2019-01-10T15:34:39Z,2019-01-10 15:37:00,100,140,True,2019-01-10 15:37:00,NA,anonymous,EN,76,63,75,70,36,38,Female,55,2,08638,"like big cities,cook at home,go to the gym,consume dairy products",NA,290
2019-01-10T19:47:13Z,2019-01-10 19:49:04,100,110,True,2019-01-10 19:49:04,NA,anonymous,EN,70,80,50,85,60,60,Male,29,4,92672,"like big cities,cook at home,go to the gym,consume dairy products",NA,291
2019-01-10T15:09:47Z,2019-01-10 15:11:35,100,108,True,2019-01-10 15:11:35,NA,anonymous,EN,40,75,80,90,70,55,Male,30,4,77068,"like big cities,cook at home,go to the gym,consume dairy products",NA,292
2019-01-10T17:55:47Z,2019-01-10 17:59:14,100,206,True,2019-01-10 17:59:14,NA,anonymous,EN,90,25,90,60,50,33,Male,39,5,80550,"like big cities,cook at home,go to the gym,consume dairy products",NA,293
2019-01-10T18:10:51Z,2019-01-10 18:12:32,100,100,True,2019-01-10 18:12:32,NA,anonymous,EN,65,39,68,74,59,23,Male,31,1,98665,"like big cities,cook at home,go to the gym,consume dairy products",None,294
2019-01-10T16:39:16Z,2019-01-10 16:41:38,100,142,True,2019-01-10 16:41:39,NA,anonymous,EN,75,75,75,75,75,75,Male,39,5,97005,"like big cities,cook at home,go to the gym,consume dairy products",NA,295
2019-01-10T20:28:44Z,2019-01-10 20:30:52,100,127,True,2019-01-10 20:30:52,NA,anonymous,EN,51,50,80,100,10,25,Female,29,3,33179,"like big cities,cook at home,go to the gym,consume dairy products",NA,296
2019-01-10T18:07:34Z,2019-01-10 18:09:20,100,105,True,2019-01-10 18:09:20,NA,anonymous,EN,91,64,86,84,75,80,Male,35,4,92691,"like big cities,cook at home,go to the gym,consume dairy products",no,297
2019-01-10T20:16:39Z,2019-01-10 20:18:32,100,112,True,2019-01-10 20:18:32,NA,anonymous,EN,78,98,100,78,98,79,Female,26,4,34758,"like big cities,cook at home,go to the gym,consume dairy products",NA,298
2019-01-10T19:44:20Z,2019-01-10 19:47:04,100,164,True,2019-01-10 19:47:04,NA,anonymous,EN,65,60,80,80,70,55,Male,44,2,36301,"like big cities,cook at home,go to the gym,consume dairy products",NA,299
2019-01-10T15:11:43Z,2019-01-10 15:13:59,100,136,True,2019-01-10 15:13:59,NA,anonymous,EN,60,65,85,95,75,60,Female,64,4,28570,"like big cities,cook at home,go to the gym,consume dairy products",NA,300
2019-01-10T15:21:17Z,2019-01-10 15:23:11,100,113,True,2019-01-10 15:23:11,NA,anonymous,EN,60,65,90,90,80,65,Female,32,7,35650,"like big cities,cook at home,go to the gym,consume dairy products",NA,301
2019-01-10T15:11:12Z,2019-01-10 15:13:56,100,164,True,2019-01-10 15:13:57,NA,anonymous,EN,100,100,39,100,34,100,Male,31,3,70460,"like big cities,go to the gym,consume dairy products",NA,302
2019-01-10T17:16:27Z,2019-01-10 17:17:59,100,92,True,2019-01-10 17:17:59,NA,anonymous,EN,58,57,72,83,67,53,Male,26,2,54911,"like big cities,cook at home,go to the gym,consume dairy products",NA,303
2019-01-10T15:19:50Z,2019-01-10 15:24:35,100,285,True,2019-01-10 15:24:35,NA,anonymous,EN,92,89,100,100,100,100,Female,48,6,29016,"like big cities,cook at home,go to the gym,consume dairy products",NA,304
2019-01-10T15:10:48Z,2019-01-10 15:12:39,100,110,True,2019-01-10 15:12:39,NA,anonymous,EN,40,51,85,70,60,75,Male,21,1,15228,"like big cities,cook at home,go to the gym,consume dairy products",NA,305
2019-01-10T19:21:08Z,2019-01-10 19:22:53,100,105,True,2019-01-10 19:22:54,NA,anonymous,EN,64,81,79,89,87,75,Female,27,1,90025,"like big cities,cook at home,go to the gym,consume dairy products",NA,306
2019-01-10T18:06:58Z,2019-01-10 18:09:26,100,147,True,2019-01-10 18:09:26,NA,anonymous,EN,90,100,95,95,100,96,Female,26,4,23113,"like big cities,cook at home,go to the gym,consume dairy products",NA,307
2019-01-10T20:24:14Z,2019-01-10 20:25:44,100,90,True,2019-01-10 20:25:44,NA,anonymous,EN,74,71,71,69,84,73,Male,31,4,98203,like big cities,NA,308
2019-01-10T16:12:21Z,2019-01-10 16:13:12,100,50,True,2019-01-10 16:13:12,NA,anonymous,EN,69,52,63,62,65,82,Female,33,3,10033,"like big cities,cook at home,go to the gym,consume dairy products",NA,309
2019-01-10T17:17:18Z,2019-01-10 17:18:53,100,94,True,2019-01-10 17:18:53,NA,anonymous,EN,65,65,65,85,40,60,Male,20,2,60169,"like big cities,cook at home,go to the gym,consume dairy products",NA,310
2019-01-10T19:12:21Z,2019-01-10 19:14:17,100,115,True,2019-01-10 19:14:17,NA,anonymous,EN,53,55,64,80,70,40,Male,19,4,94122,"like big cities,cook at home,go to the gym,consume dairy products",NA,311
2019-01-10T17:41:56Z,2019-01-10 17:48:15,100,379,True,2019-01-10 17:48:15,NA,anonymous,EN,85,85,85,85,85,85,Female,48,3,01606,"like big cities,cook at home,go to the gym,consume dairy products",NA,312
2019-01-10T18:34:17Z,2019-01-10 18:39:23,100,306,True,2019-01-10 18:39:23,NA,anonymous,EN,90,90,100,90,100,90,Female,64,2,01701,"like big cities,cook at home,go to the gym,consume dairy products",NA,313
2019-01-10T19:12:47Z,2019-01-10 19:15:14,100,147,True,2019-01-10 19:15:15,NA,anonymous,EN,57,37,73,70,60,41,Male,51,7,34610,"like big cities,cook at home,go to the gym,consume dairy products",NA,314
2019-01-10T15:09:49Z,2019-01-10 15:12:35,100,166,True,2019-01-10 15:12:35,NA,anonymous,EN,80,40,90,90,95,70,Male,27,2,34452,"like big cities,cook at home,go to the gym,consume dairy products",NA,315
2019-01-10T15:21:32Z,2019-01-10 15:25:36,100,244,True,2019-01-10 15:25:37,NA,anonymous,EN,70,5,90,85,50,25,Female,37,4,92026,"like big cities,cook at home,go to the gym,consume dairy products",Interesting survey. Thank you,316
2019-01-10T16:29:43Z,2019-01-10 16:31:31,100,107,True,2019-01-10 16:31:31,NA,anonymous,EN,70,92,90,84,58,47,Female,22,3,78753,"like big cities,cook at home,go to the gym,consume dairy products",NA,317
2019-01-10T15:12:30Z,2019-01-10 15:14:58,100,147,True,2019-01-10 15:14:58,NA,anonymous,EN,50,15,90,75,50,30,Male,53,2,44065,"like big cities,cook at home,go to the gym,consume dairy products",NA,318
2019-01-10T18:30:21Z,2019-01-10 18:32:03,100,102,True,2019-01-10 18:32:04,NA,anonymous,EN,80,78,98,96,95,70,Female,22,3,92122,"cook at home,consume dairy products,watch TV,go to the movies",NA,319
2019-01-10T16:06:59Z,2019-01-10 16:08:23,100,83,True,2019-01-10 16:08:23,NA,anonymous,EN,58,42,91,59,60,18,Female,25,3,92109,"like big cities,cook at home,go to the gym,consume dairy products",NA,320
2019-01-10T19:24:56Z,2019-01-10 19:28:03,100,187,True,2019-01-10 19:28:04,NA,anonymous,EN,58,13,62,85,54,52,Female,36,4,44485,"cook at home,consume dairy products",NA,321
2019-01-10T15:15:24Z,2019-01-10 15:17:44,100,139,True,2019-01-10 15:17:44,NA,anonymous,EN,67,70,71,73,67,64,Female,33,1,48858,"like big cities,cook at home,go to the gym,consume dairy products",NA,322
2019-01-10T15:33:13Z,2019-01-10 15:35:42,100,149,True,2019-01-10 15:35:43,NA,anonymous,EN,70,60,85,50,30,50,Male,21,3,89509,"like big cities,cook at home,go to the gym,consume dairy products,go to the movies",NA,323
2019-01-10T19:25:21Z,2019-01-10 19:27:13,100,112,True,2019-01-10 19:27:14,NA,anonymous,EN,68,61,85,100,76,41,Male,25,3,33178,"like big cities,cook at home,go to the gym,consume dairy products",NA,324
2019-01-10T15:10:13Z,2019-01-10 15:11:35,100,82,True,2019-01-10 15:11:35,NA,anonymous,EN,65,50,75,85,75,60,Male,32,6,48312,"like big cities,cook at home,go to the gym,consume dairy products",NA,325
2019-01-10T15:43:35Z,2019-01-10 15:44:53,100,77,True,2019-01-10 15:44:54,NA,anonymous,EN,73,72,79,75,75,76,Male,34,2,37122,"like big cities,cook at home,go to the gym,consume dairy products",NA,326
2019-01-10T16:49:55Z,2019-01-10 16:51:20,100,84,True,2019-01-10 16:51:21,NA,anonymous,EN,84,88,87,89,89,86,Male,21,6,11367,"like big cities,cook at home,go to the gym,consume dairy products",NA,327
2019-01-10T19:39:41Z,2019-01-10 19:43:12,100,211,True,2019-01-10 19:43:13,NA,anonymous,EN,60,60,60,60,60,60,Female,33,3,83714,"like big cities,cook at home,go to the gym,consume dairy products",It was somewhat strange.,328
2019-01-10T15:11:13Z,2019-01-10 15:13:38,100,144,True,2019-01-10 15:13:38,NA,anonymous,EN,68,79,91,76,50,60,Male,27,2,48118,"like big cities,cook at home,go to the gym,consume dairy products",Very interested to know if there's any variables other than exactly what we're estimating.,329
2019-01-10T19:01:41Z,2019-01-10 19:05:54,100,253,True,2019-01-10 19:05:54,NA,anonymous,EN,44,34,77,79,39,50,Female,20,4,97006,"like big cities,cook at home,go to the gym,consume dairy products",NA,330
2019-01-10T18:30:12Z,2019-01-10 18:32:58,100,166,True,2019-01-10 18:32:58,NA,anonymous,EN,62,41,86,96,61,23,Female,39,6,16403,"like big cities,cook at home,go to the gym,consume dairy products",NA,331
2019-01-10T16:57:12Z,2019-01-10 17:00:21,100,188,True,2019-01-10 17:00:21,NA,anonymous,EN,90,75,100,80,100,85,Female,63,2,96130,"like big cities,cook at home,go to the gym,consume dairy products",NA,332
2019-01-10T18:38:38Z,2019-01-10 18:42:00,100,202,True,2019-01-10 18:42:01,NA,anonymous,EN,74,48,69,85,69,53,Female,27,1,06259,"like big cities,cook at home,go to the gym,consume dairy products",NA,333
2019-01-10T19:45:57Z,2019-01-10 19:47:36,100,98,True,2019-01-10 19:47:36,NA,anonymous,EN,72,70,79,68,70,67,Male,34,3,21117,"like big cities,cook at home,go to the gym,watch TV,read newspapers,go to the movies",No,334
2019-01-10T17:43:03Z,2019-01-10 17:47:51,100,287,True,2019-01-10 17:47:52,NA,anonymous,EN,79,58,91,65,72,59,Male,41,2,04103,"like big cities,cook at home,go to the gym,consume dairy products","none, thanks",335
2019-01-10T18:55:03Z,2019-01-10 18:57:36,100,153,True,2019-01-10 18:57:36,NA,anonymous,EN,45,55,85,90,65,40,Female,38,6,33812,"like big cities,cook at home,go to the gym,consume dairy products",NA,336
2019-01-10T18:12:36Z,2019-01-10 18:14:14,100,97,True,2019-01-10 18:14:14,NA,anonymous,EN,93,62,97,84,100,80,Female,23,2,85019,"like big cities,cook at home,go to the gym,consume dairy products",NA,337
2019-01-10T15:13:16Z,2019-01-10 15:15:12,100,116,True,2019-01-10 15:15:12,NA,anonymous,EN,37,50,85,76,75,26,Female,44,5,60666,"like big cities,cook at home,go to the gym,consume dairy products",NA,338
2019-01-10T16:31:06Z,2019-01-10 16:33:11,100,125,True,2019-01-10 16:33:11,NA,anonymous,EN,100,100,100,100,100,100,Female,34,2,29307,"like big cities,cook at home,go to the gym,consume dairy products,read newspapers",NA,339
2019-01-10T18:55:59Z,2019-01-10 18:57:50,100,110,True,2019-01-10 18:57:50,NA,anonymous,EN,52,37,98,90,70,83,Female,33,4,77831,"like big cities,cook at home,go to the gym,consume dairy products",NA,340
2019-01-10T18:40:01Z,2019-01-10 18:41:25,100,84,True,2019-01-10 18:41:26,NA,anonymous,EN,58,92,76,63,18,37,Male,19,4,77450,cook at home,NA,341
2019-01-10T17:41:27Z,2019-01-10 17:44:25,100,177,True,2019-01-10 17:44:25,NA,anonymous,EN,50,70,85,51,80,30,Male,21,4,33196,"like big cities,cook at home,go to the gym,consume dairy products",NA,342
2019-01-10T15:12:51Z,2019-01-10 15:14:12,100,81,True,2019-01-10 15:14:13,NA,anonymous,EN,18,35,77,77,33,32,Male,32,4,36559,"go to the gym,go to the movies",none,343
2019-01-10T15:59:13Z,2019-01-10 16:02:07,100,173,True,2019-01-10 16:02:07,NA,anonymous,EN,33,33,80,80,41,52,Male,55,5,39440,"like big cities,cook at home,go to the gym,consume dairy products",NA,344
2019-01-10T15:16:31Z,2019-01-10 15:18:06,100,95,True,2019-01-10 15:18:06,NA,anonymous,EN,73,77,72,90,85,28,Female,40,2,32211,"like big cities,cook at home,go to the gym,consume dairy products",NA,345
2019-01-10T15:12:10Z,2019-01-10 15:14:41,100,150,True,2019-01-10 15:14:41,NA,anonymous,EN,100,80,80,90,90,90,Female,38,3,39170,"like big cities,cook at home,go to the gym,consume dairy products",NA,346
2019-01-10T15:45:44Z,2019-01-10 15:47:55,100,130,True,2019-01-10 15:47:55,NA,anonymous,EN,85,99,95,94,99,74,Other/Non-conforming,21,2,16803,"like big cities,cook at home,go to the gym,consume dairy products,watch TV",NA,347
2019-01-10T17:18:41Z,2019-01-10 17:20:05,100,83,True,2019-01-10 17:20:05,NA,anonymous,EN,80,69,88,81,90,75,Female,27,3,12302,"like big cities,cook at home,go to the gym,consume dairy products",NA,348
2019-01-10T19:18:38Z,2019-01-10 19:19:47,100,69,True,2019-01-10 19:19:47,NA,anonymous,EN,80,80,73,72,74,72,Male,22,2,53228,"like big cities,cook at home,go to the gym,consume dairy products",NA,349
2019-01-10T19:20:45Z,2019-01-10 19:22:47,100,122,True,2019-01-10 19:22:47,NA,anonymous,EN,82,75,70,100,65,64,Male,27,6,35243,"like big cities,cook at home,go to the gym,consume dairy products",NA,350
2019-01-10T15:31:14Z,2019-01-10 15:32:56,100,102,True,2019-01-10 15:32:57,NA,anonymous,EN,59,33,78,97,70,55,Male,23,1,85015,"like big cities,cook at home,go to the gym,consume dairy products",NA,351
2019-01-10T15:18:35Z,2019-01-10 15:20:39,100,123,True,2019-01-10 15:20:40,NA,anonymous,EN,65,80,85,90,80,70,Male,26,1,76542,"like big cities,cook at home,go to the gym,consume dairy products",NA,352
2019-01-10T15:12:51Z,2019-01-10 15:14:51,100,120,True,2019-01-10 15:14:52,NA,anonymous,EN,88,55,96,94,27,6,Male,40,3,44136,"like big cities,cook at home,go to the gym,consume dairy products",NA,353
2019-01-10T19:19:36Z,2019-01-10 19:20:40,100,63,True,2019-01-10 19:20:40,NA,anonymous,EN,29,24,85,74,35,49,Male,25,4,60604,"like big cities,cook at home,go to the gym,consume dairy products",NA,354
2019-01-10T20:29:48Z,2019-01-10 20:32:13,100,145,True,2019-01-10 20:32:13,NA,anonymous,EN,70,73,81,89,84,69,Female,42,3,75707,"like big cities,cook at home,go to the gym,consume dairy products",NA,355
2019-01-10T19:07:43Z,2019-01-10 19:09:04,100,80,True,2019-01-10 19:09:04,NA,anonymous,EN,60,60,76,60,26,61,Male,32,1,55403,"like big cities,cook at home,go to the gym,consume dairy products",NA,356
2019-01-10T18:03:03Z,2019-01-10 18:04:37,100,94,True,2019-01-10 18:04:38,NA,anonymous,EN,84,75,69,96,54,55,Male,39,4,61413,"like big cities,cook at home,go to the gym,consume dairy products",NA,357
2019-01-10T18:05:46Z,2019-01-10 18:08:20,100,154,True,2019-01-10 18:08:20,NA,anonymous,EN,51,50,95,70,80,35,Male,19,2,11790,"like big cities,cook at home,go to the gym,consume dairy products",NA,358
2019-01-10T18:08:08Z,2019-01-10 18:10:27,100,139,True,2019-01-10 18:10:27,NA,anonymous,EN,70,70,70,70,70,70,Male,38,4,65804,"like big cities,cook at home,go to the gym,consume dairy products",NA,359
2019-01-10T16:14:07Z,2019-01-10 16:18:43,100,275,True,2019-01-10 16:18:43,NA,anonymous,EN,80,75,50,50,49,74,Female,19,2,92071,"read newspapers,go to the movies,go to bars",NA,360
2019-01-10T17:31:02Z,2019-01-10 17:33:39,100,157,True,2019-01-10 17:33:40,NA,anonymous,EN,50,35,35,40,65,35,Male,32,7,94551,"like big cities,cook at home,go to the gym,consume dairy products",N/A,361
2019-01-10T15:09:58Z,2019-01-10 15:17:26,100,448,True,2019-01-10 15:17:26,NA,anonymous,EN,90,70,75,100,100,85,Male,31,3,75019,"like big cities,cook at home,go to the gym,consume dairy products",NA,362
2019-01-10T15:46:03Z,2019-01-10 15:47:50,100,106,True,2019-01-10 15:47:50,NA,anonymous,EN,90,85,95,96,95,80,Male,33,3,85041,"like big cities,cook at home,go to the gym,consume dairy products",None,363
2019-01-10T16:45:19Z,2019-01-10 16:47:26,100,126,True,2019-01-10 16:47:26,NA,anonymous,EN,80,65,80,80,80,80,Male,25,2,98122,"like big cities,cook at home,go to the gym,consume dairy products",Easy and straightforward. Thank you.,364
2019-01-10T19:36:28Z,2019-01-10 19:42:19,100,350,True,2019-01-10 19:42:20,NA,anonymous,EN,60,60,60,60,60,60,Male,32,1,30008,"like big cities,cook at home,go to the gym,consume dairy products","I was expecting more variability, there isn't enough info here to estimate anything meaningful, give me at least 2 data points if you want something with thought to it.",365
2019-01-10T18:53:52Z,2019-01-10 18:55:56,100,123,True,2019-01-10 18:55:56,NA,anonymous,EN,70,58,85,98,90,63,Male,30,3,48393,consume dairy products,NA,366
2019-01-10T19:17:38Z,2019-01-10 19:19:35,100,117,True,2019-01-10 19:19:35,NA,anonymous,EN,97,85,94,80,75,89,Male,28,2,52317,"like big cities,cook at home,go to the gym,consume dairy products",NA,367
2019-01-10T17:58:44Z,2019-01-10 18:00:38,100,113,True,2019-01-10 18:00:38,NA,anonymous,EN,52,31,47,48,100,56,Female,63,4,48837,"like big cities,cook at home,go to the gym,consume dairy products,go to the movies",NA,368
2019-01-10T19:38:06Z,2019-01-10 19:40:03,100,117,True,2019-01-10 19:40:04,NA,anonymous,EN,62,59,86,74,62,49,Male,34,2,12203,"like big cities,cook at home,go to the gym,consume dairy products",NA,369
2019-01-10T16:11:42Z,2019-01-10 16:13:04,100,82,True,2019-01-10 16:13:04,NA,anonymous,EN,14,21,88,11,14,2,Female,39,1,93631,"like big cities,cook at home,go to the gym,consume dairy products,watch TV",This was an interesting study. I'm interested in the results. Good luck with your research.,370
2019-01-10T17:33:04Z,2019-01-10 17:34:54,100,110,True,2019-01-10 17:34:55,NA,anonymous,EN,100,100,100,100,100,100,Male,35,5,11756,"like big cities,cook at home,go to the gym,consume dairy products","Fun study, thank you.",371
2019-01-10T17:54:29Z,2019-01-10 18:02:07,100,457,True,2019-01-10 18:02:07,NA,anonymous,EN,50,50,75,92,60,80,Female,46,4,79938,"like big cities,cook at home,go to the gym,consume dairy products",NA,372
2019-01-10T20:24:38Z,2019-01-10 20:27:34,100,175,True,2019-01-10 20:27:34,NA,anonymous,EN,70,70,90,50,95,50,Female,35,5,70548,"like big cities,cook at home,go to the gym,consume dairy products",NA,373
2019-01-10T18:18:52Z,2019-01-10 18:22:03,100,191,True,2019-01-10 18:22:04,NA,anonymous,EN,70,61,80,85,64,50,Female,34,2,33578,"like big cities,cook at home,go to the gym,consume dairy products",NA,374
2019-01-10T19:52:19Z,2019-01-10 19:54:06,100,107,True,2019-01-10 19:54:06,NA,anonymous,EN,90,66,95,90,98,79,Female,42,2,73054,"like big cities,cook at home,go to the gym,consume dairy products",NA,375
2019-01-10T20:35:01Z,2019-01-10 20:37:18,100,137,True,2019-01-10 20:37:18,NA,anonymous,EN,60,75,58,78,44,29,Female,26,6,52748,"like big cities,cook at home,go to the gym,consume dairy products",NA,376
2019-01-10T18:38:33Z,2019-01-10 18:40:13,100,100,True,2019-01-10 18:40:13,NA,anonymous,EN,84,64,81,92,78,45,Female,20,3,32832,"like big cities,cook at home,go to the gym,consume dairy products",NA,377
2019-01-10T16:49:49Z,2019-01-10 16:52:28,100,159,True,2019-01-10 16:52:29,NA,anonymous,EN,92,95,85,80,91,87,Male,33,3,23185,"like big cities,cook at home,go to the gym,consume dairy products",NA,378
2019-01-10T15:35:37Z,2019-01-10 15:39:48,100,250,True,2019-01-10 15:39:48,NA,anonymous,EN,63,72,70,57,78,40,Male,30,4,06460,"like big cities,cook at home,go to the gym,consume dairy products",NA,379
2019-01-10T18:51:47Z,2019-01-10 18:53:17,100,89,True,2019-01-10 18:53:17,NA,anonymous,EN,71,81,91,88,81,81,Female,25,4,15556,"like big cities,cook at home,go to the gym,consume dairy products",NA,380
2019-01-10T17:43:35Z,2019-01-10 17:45:41,100,126,True,2019-01-10 17:45:41,NA,anonymous,EN,53,88,92,89,94,89,Female,27,4,17960,"like big cities,cook at home,go to the gym,consume dairy products",NA,381
2019-01-10T16:46:05Z,2019-01-10 16:47:24,100,79,True,2019-01-10 16:47:25,NA,anonymous,EN,79,71,75,93,61,85,Male,37,3,75062,"like big cities,cook at home,go to the gym,consume dairy products",NA,382
2019-01-10T19:55:21Z,2019-01-10 19:58:13,100,172,True,2019-01-10 19:58:14,NA,anonymous,EN,100,100,100,100,100,100,Female,45,5,24901,"like big cities,cook at home,go to the gym,consume dairy products",NA,383
2019-01-10T15:25:01Z,2019-01-10 15:26:35,100,93,True,2019-01-10 15:26:35,NA,anonymous,EN,54,33,52,61,68,60,Male,35,6,10512,"like big cities,cook at home,go to the gym,consume dairy products",NA,384
2019-01-10T15:27:15Z,2019-01-10 15:28:25,100,69,True,2019-01-10 15:28:26,NA,anonymous,EN,71,60,75,93,80,63,Male,35,2,17257,"like big cities,cook at home,go to the gym,consume dairy products",NA,385
2019-01-10T15:49:11Z,2019-01-10 15:50:50,100,99,True,2019-01-10 15:50:51,NA,anonymous,EN,73,65,93,93,79,63,Female,31,3,71112,"cook at home,go to the gym,consume dairy products,read newspapers",NA,386
2019-01-10T17:33:12Z,2019-01-10 17:35:36,100,143,True,2019-01-10 17:35:36,NA,anonymous,EN,33,50,90,91,65,22,Female,47,2,11211,"like big cities,cook at home,go to the gym,consume dairy products",NA,387
2019-01-10T19:25:25Z,2019-01-10 19:27:31,100,125,True,2019-01-10 19:27:31,NA,anonymous,EN,52,85,76,74,77,60,Female,27,3,14201,"like big cities,cook at home,go to the gym,consume dairy products",NA,388
2019-01-10T19:42:49Z,2019-01-10 19:47:11,100,261,True,2019-01-10 19:47:11,NA,anonymous,EN,68,77,63,86,71,76,Male,28,7,06820,go to the gym,Nice Task and thanks for the Opportunity,389
2019-01-10T18:43:37Z,2019-01-10 18:45:26,100,109,True,2019-01-10 18:45:26,NA,anonymous,EN,78,47,87,22,69,41,Female,42,5,11801,"like big cities,cook at home,go to the gym,consume dairy products",NA,390
2019-01-10T17:03:20Z,2019-01-10 17:04:37,100,77,True,2019-01-10 17:04:38,NA,anonymous,EN,32,56,72,100,41,37,Male,19,4,43003,"like big cities,cook at home,go to the gym,consume dairy products",Great study!,391
2019-01-10T16:14:56Z,2019-01-10 16:16:57,100,120,True,2019-01-10 16:16:58,NA,anonymous,EN,70,65,65,75,95,50,Female,30,4,89460,"like big cities,cook at home,go to the gym,consume dairy products",NA,392
2019-01-10T15:59:34Z,2019-01-10 16:01:10,100,95,True,2019-01-10 16:01:11,NA,anonymous,EN,66,59,63,83,74,57,Male,34,1,80007,"like big cities,cook at home,go to the gym,consume dairy products",NA,393
2019-01-10T19:07:03Z,2019-01-10 19:09:11,100,128,True,2019-01-10 19:09:11,NA,anonymous,EN,55,79,89,69,91,99,Female,21,3,30039,"like big cities,cook at home,go to the gym,consume dairy products",NA,394
2019-01-10T19:26:37Z,2019-01-10 19:28:57,100,139,True,2019-01-10 19:28:57,NA,anonymous,EN,66,83,66,66,66,66,Male,25,2,53226,"like big cities,cook at home,go to the gym,consume dairy products",NA,395
2019-01-10T15:17:06Z,2019-01-10 15:24:45,100,459,True,2019-01-10 15:24:46,NA,anonymous,EN,100,100,100,100,100,100,Female,26,2,02148,"cook at home,go to the gym,consume dairy products",NA,396
2019-01-10T20:14:01Z,2019-01-10 20:15:58,100,116,True,2019-01-10 20:15:58,NA,anonymous,EN,90,80,91,92,94,83,Female,39,6,45014,"like big cities,cook at home,go to the gym,consume dairy products",NA,397
2019-01-10T16:02:09Z,2019-01-10 16:04:11,100,121,True,2019-01-10 16:04:11,NA,anonymous,EN,75,89,60,65,96,75,Female,36,7,77449,"like big cities,cook at home,go to the gym,consume dairy products,watch TV",NA,398
