StartDate,EndDate,Status,Progress,Duration (in seconds),Finished,RecordedDate,RecipientLastName,RecipientFirstName,RecipientEmail,ExternalReference,DistributionChannel,UserLanguage,Q5_1,Q6_1,Q2_1,Q12_1,Q13_1,Q14_1,Q15,Q16,Q10,Q11,id
2018-05-02T10:22:47Z,2018-05-02 10:23:53,IP Address,100,65,True,2018-05-02 10:23:53,NA,NA,NA,NA,anonymous,EN,44,72,68,51,43,25,Male,33,"watch sports,watch cable tv,rent apartments,like deserts,drive to work,like the window seat on the plane",Good Hit,1
2018-05-02T10:36:22Z,2018-05-02 10:37:26,IP Address,100,63,True,2018-05-02 10:37:26,NA,NA,NA,NA,anonymous,EN,74,63,83,43,95,8,Male,21,"watch sports,watch cable tv,rent apartments,like deserts,drive to work,like the window seat on the plane",NA,2
2018-05-02T10:29:34Z,2018-05-02 10:32:08,IP Address,100,153,True,2018-05-02 10:32:09,NA,NA,NA,NA,anonymous,EN,82,69,90,51,78,90,Female,66,"watch sports,watch cable tv,rent apartments,like deserts,drive to work,like the window seat on the plane","I was wondering if you meant ""desserts"" (sweets) instead of ""deserts"" (dry expanses of sand)...",3
2018-05-02T10:21:48Z,2018-05-02 10:23:25,IP Address,100,97,True,2018-05-02 10:23:25,NA,NA,NA,NA,anonymous,EN,66,75,70,60,70,64,Female,48,"watch sports,watch cable tv,rent apartments,like deserts,drive to work,like the window seat on the plane",NA,4
2018-05-02T10:22:42Z,2018-05-02 10:23:44,IP Address,100,61,True,2018-05-02 10:23:45,NA,NA,NA,NA,anonymous,EN,65,68,79,59,74,60,Male,38,"watch sports,watch cable tv,rent apartments,like deserts,drive to work,like the window seat on the plane",NA,5
2018-05-02T10:26:08Z,2018-05-02 10:27:24,IP Address,100,76,True,2018-05-02 10:27:25,NA,NA,NA,NA,anonymous,EN,73,58,25,46,24,82,Male,36,"watch sports,watch cable tv,rent apartments,like deserts,drive to work,like the window seat on the plane",NA,6
2018-05-02T10:40:21Z,2018-05-02 10:41:36,IP Address,100,74,True,2018-05-02 10:41:36,NA,NA,NA,NA,anonymous,EN,50,75,90,60,90,60,Male,22,"watch sports,watch cable tv,rent apartments,like deserts,drive to work,like the window seat on the plane",NA,7
2018-05-02T10:19:19Z,2018-05-02 10:20:19,IP Address,100,60,True,2018-05-02 10:20:20,NA,NA,NA,NA,anonymous,EN,47,50,49,47,48,49,Male,27,"watch sports,watch cable tv,rent apartments,like deserts,likes puppies,like online shopping",thank you,8
2018-05-02T10:21:50Z,2018-05-02 10:24:55,IP Address,100,185,True,2018-05-02 10:24:55,NA,NA,NA,NA,anonymous,EN,63,44,17,30,14,68,Male,49,"watch sports,watch cable tv,rent apartments,like deserts,drive to work,like the window seat on the plane",None,9
2018-05-02T10:17:33Z,2018-05-02 10:18:35,IP Address,100,62,True,2018-05-02 10:18:36,NA,NA,NA,NA,anonymous,EN,60,62,54,57,80,85,Female,24,"watch sports,watch cable tv,rent apartments,like deserts,drive to work,like the window seat on the plane",NA,10
2018-05-02T10:14:58Z,2018-05-02 10:15:53,IP Address,100,55,True,2018-05-02 10:15:53,NA,NA,NA,NA,anonymous,EN,75,79,78,74,74,78,Male,34,"watch sports,watch cable tv,rent apartments,like deserts,drive to work,like the window seat on the plane",NA,11
2018-05-02T10:43:17Z,2018-05-02 10:46:00,IP Address,100,162,True,2018-05-02 10:46:01,NA,NA,NA,NA,anonymous,EN,40,70,60,35,47,60,Female,64,"watch sports,watch cable tv,rent apartments,like deserts,drive to work,like the window seat on the plane",none,12
2018-05-02T10:25:53Z,2018-05-02 10:27:19,IP Address,100,86,True,2018-05-02 10:27:20,NA,NA,NA,NA,anonymous,EN,50,55,60,41,77,50,Male,48,"watch sports,watch cable tv,rent apartments,like deserts,drive to work,like the window seat on the plane",NA,13
2018-05-02T10:34:43Z,2018-05-02 10:36:26,IP Address,100,102,True,2018-05-02 10:36:26,NA,NA,NA,NA,anonymous,EN,78,77,87,82,0,82,Female,59,"watch sports,watch cable tv,rent apartments,like deserts,drive to work,like the window seat on the plane",might want to reread how you phrased that first question.,14
2018-05-02T10:16:41Z,2018-05-02 10:18:00,IP Address,100,79,True,2018-05-02 10:18:00,NA,NA,NA,NA,anonymous,EN,74,70,66,46,87,51,Male,32,"watch sports,watch cable tv,rent apartments,like deserts,drive to work,like the window seat on the plane",NA,15
2018-05-02T10:34:52Z,2018-05-02 10:36:56,IP Address,100,123,True,2018-05-02 10:36:56,NA,NA,NA,NA,anonymous,EN,90,70,65,65,75,80,Female,34,"watch sports,watch cable tv,rent apartments,like deserts,drive to work,like the window seat on the plane","Was quick and easy, thanks!",16
2018-05-02T10:15:10Z,2018-05-02 10:16:38,IP Address,100,88,True,2018-05-02 10:16:39,NA,NA,NA,NA,anonymous,EN,51,51,51,51,51,51,Male,31,"watch sports,watch cable tv,rent apartments,like deserts,drive to work,like the window seat on the plane",NA,17
2018-05-02T10:27:21Z,2018-05-02 10:29:40,IP Address,100,138,True,2018-05-02 10:29:41,NA,NA,NA,NA,anonymous,EN,70,60,66,22,92,13,Female,69,"watch sports,watch cable tv,rent apartments,like deserts,drive to work,like the window seat on the plane",NA,18
2018-05-02T10:24:52Z,2018-05-02 10:25:39,IP Address,100,47,True,2018-05-02 10:25:39,NA,NA,NA,NA,anonymous,EN,80,90,79,75,95,81,Male,30,"watch sports,watch cable tv,rent apartments,like deserts,drive to work,like the window seat on the plane",NA,19
2018-05-02T10:25:16Z,2018-05-02 10:28:31,IP Address,100,195,True,2018-05-02 10:28:31,NA,NA,NA,NA,anonymous,EN,63,37,45,43,39,27,Male,30,"watch sports,watch cable tv,rent apartments,like deserts,drive to work,like the window seat on the plane",NA,20
2018-05-02T10:23:05Z,2018-05-02 10:24:39,IP Address,100,94,True,2018-05-02 10:24:40,NA,NA,NA,NA,anonymous,EN,55,55,55,55,55,55,Female,36,"watch sports,watch cable tv,rent apartments,like deserts,drive to work,like the window seat on the plane",NA,21
2018-05-02T10:31:45Z,2018-05-02 10:32:53,IP Address,100,67,True,2018-05-02 10:32:53,NA,NA,NA,NA,anonymous,EN,92,64,80,60,71,71,Female,27,"watch sports,watch cable tv,rent apartments,like deserts,drive to work,like the window seat on the plane",NA,22
2018-05-02T10:22:36Z,2018-05-02 10:24:51,IP Address,100,135,True,2018-05-02 10:24:51,NA,NA,NA,NA,anonymous,EN,60,80,60,55,75,90,Female,34,"watch sports,watch cable tv,rent apartments,like deserts,drive to work,like the window seat on the plane",NA,23
2018-05-02T10:24:54Z,2018-05-02 10:26:19,IP Address,100,85,True,2018-05-02 10:26:19,NA,NA,NA,NA,anonymous,EN,75,63,80,65,70,90,Female,31,"watch sports,watch cable tv,rent apartments,like deserts,drive to work,like the window seat on the plane",did you mean deserts or desserts?,24
2018-05-02T10:19:47Z,2018-05-02 10:22:45,IP Address,100,178,True,2018-05-02 10:22:46,NA,NA,NA,NA,anonymous,EN,73,61,71,60,80,80,Male,31,"watch sports,watch cable tv,rent apartments,like deserts,drive to work,like the window seat on the plane",This was fun!,25
2018-05-02T10:21:09Z,2018-05-02 10:23:41,IP Address,100,152,True,2018-05-02 10:23:42,NA,NA,NA,NA,anonymous,EN,54,43,61,40,50,44,Male,31,"watch sports,watch cable tv,rent apartments,like deserts,drive to work,like the window seat on the plane",No,26
2018-05-02T10:30:42Z,2018-05-02 10:31:42,IP Address,100,60,True,2018-05-02 10:31:43,NA,NA,NA,NA,anonymous,EN,76,85,83,87,93,81,Female,38,"watch sports,watch cable tv,rent apartments,like deserts,drive to work,like the window seat on the plane",NA,27
2018-05-02T10:19:03Z,2018-05-02 10:21:15,IP Address,100,131,True,2018-05-02 10:21:15,NA,NA,NA,NA,anonymous,EN,85,90,85,62,91,80,Female,58,"watch sports,watch cable tv,rent apartments,like deserts,drive to work,like the window seat on the plane",none,28
2018-05-02T10:23:33Z,2018-05-02 10:25:28,IP Address,100,114,True,2018-05-02 10:25:29,NA,NA,NA,NA,anonymous,EN,50,30,85,75,80,60,Female,33,"watch sports,watch cable tv,rent apartments,like deserts,drive to work,like the window seat on the plane",NA,29
2018-05-02T10:44:05Z,2018-05-02 10:45:33,IP Address,100,87,True,2018-05-02 10:45:33,NA,NA,NA,NA,anonymous,EN,100,100,100,100,100,100,Female,37,"watch sports,watch cable tv,rent apartments,like deserts,like the window seat on the plane",NA,30
2018-05-02T10:18:36Z,2018-05-02 10:19:34,IP Address,100,57,True,2018-05-02 10:19:34,NA,NA,NA,NA,anonymous,EN,64,57,62,73,70,81,Male,22,"watch sports,watch cable tv,rent apartments,like deserts,drive to work,like the window seat on the plane",NA,31
2018-05-02T10:40:56Z,2018-05-02 10:42:57,IP Address,100,121,True,2018-05-02 10:42:58,NA,NA,NA,NA,anonymous,EN,75,80,80,70,70,70,Female,36,"watch sports,watch cable tv,rent apartments,like deserts,drive to work,like the window seat on the plane",NA,32
2018-05-02T10:21:16Z,2018-05-02 10:22:42,IP Address,100,86,True,2018-05-02 10:22:42,NA,NA,NA,NA,anonymous,EN,78,71,88,61,73,84,Male,55,"watch sports,watch cable tv,rent apartments,like deserts,drive to work,like the window seat on the plane",NA,33
2018-05-02T10:16:05Z,2018-05-02 10:17:28,IP Address,100,82,True,2018-05-02 10:17:28,NA,NA,NA,NA,anonymous,EN,61,57,65,54,70,81,Male,26,"watch sports,watch cable tv,rent apartments,like deserts,drive to work,like the window seat on the plane",NA,34
2018-05-02T10:42:16Z,2018-05-02 10:44:19,IP Address,100,123,True,2018-05-02 10:44:19,NA,NA,NA,NA,anonymous,EN,60,61,71,56,68,58,Female,63,"watch sports,watch cable tv,rent apartments,like deserts,drive to work,like the window seat on the plane",NA,35
2018-05-02T10:15:54Z,2018-05-02 10:17:05,IP Address,100,70,True,2018-05-02 10:17:05,NA,NA,NA,NA,anonymous,EN,91,72,90,85,84,80,Male,34,"watch sports,watch cable tv,rent apartments,like deserts,drive to work,like the window seat on the plane",NA,36
2018-05-02T10:22:34Z,2018-05-02 10:24:01,IP Address,100,87,True,2018-05-02 10:24:02,NA,NA,NA,NA,anonymous,EN,90,100,100,75,70,80,Female,26,"watch sports,watch cable tv,rent apartments,like deserts,drive to work,like the window seat on the plane",NA,37
2018-05-02T10:17:31Z,2018-05-02 10:18:37,IP Address,100,66,True,2018-05-02 10:18:37,NA,NA,NA,NA,anonymous,EN,95,100,100,100,88,100,Female,47,"watch sports,watch cable tv,rent apartments,like deserts,drive to work,like the window seat on the plane",NA,38
2018-05-02T10:27:38Z,2018-05-02 10:30:39,IP Address,100,180,True,2018-05-02 10:30:39,NA,NA,NA,NA,anonymous,EN,65,70,71,80,1,78,Male,36,"watch sports,watch cable tv,rent apartments,like deserts,drive to work,like the window seat on the plane",First question might be in error. Are you asking how many I drive to work?,39
2018-05-02T10:21:37Z,2018-05-02 10:22:20,IP Address,100,43,True,2018-05-02 10:22:22,NA,NA,NA,NA,anonymous,EN,45,62,34,88,37,48,Male,27,"watch cable tv,rent apartments,like deserts,drive to work,like the window seat on the plane,go to bars",NA,40
2018-05-02T10:46:19Z,2018-05-02 10:47:31,IP Address,100,72,True,2018-05-02 10:47:32,NA,NA,NA,NA,anonymous,EN,70,40,70,45,50,55,Male,33,"watch sports,watch cable tv,rent apartments,like deserts,drive to work,like the window seat on the plane",NA,41
2018-05-02T10:23:30Z,2018-05-02 10:24:47,IP Address,100,76,True,2018-05-02 10:24:47,NA,NA,NA,NA,anonymous,EN,50,50,65,70,85,40,Female,33,"watch sports,watch cable tv,rent apartments,like deserts,drive to work,like the window seat on the plane",NA,42
2018-05-02T10:19:21Z,2018-05-02 10:20:59,IP Address,100,98,True,2018-05-02 10:21:00,NA,NA,NA,NA,anonymous,EN,54,38,78,48,78,42,Female,28,"watch sports,watch cable tv,rent apartments,like deserts,drive to work,like the window seat on the plane",NA,43
2018-05-02T10:46:19Z,2018-05-02 10:47:29,IP Address,100,69,True,2018-05-02 10:47:29,NA,NA,NA,NA,anonymous,EN,76,58,90,94,83,62,Female,25,"watch sports,watch cable tv,rent apartments,like deserts,drive to work,like the window seat on the plane",NA,44
2018-05-02T10:36:22Z,2018-05-02 10:37:57,IP Address,100,95,True,2018-05-02 10:37:58,NA,NA,NA,NA,anonymous,EN,85,60,80,50,75,75,Male,36,"watch sports,watch cable tv,rent apartments,like deserts,drive to work,like the window seat on the plane",NA,45
2018-05-02T10:16:32Z,2018-05-02 10:18:43,IP Address,100,131,True,2018-05-02 10:18:44,NA,NA,NA,NA,anonymous,EN,80,92,75,45,91,66,Female,31,"watch sports,watch cable tv,rent apartments,like deserts,drive to work,like the window seat on the plane",NA,46
2018-05-02T10:20:03Z,2018-05-02 10:22:05,IP Address,100,122,True,2018-05-02 10:22:05,NA,NA,NA,NA,anonymous,EN,42,81,55,58,73,30,Male,54,"watch sports,watch cable tv,rent apartments,like deserts,drive to work,like the window seat on the plane",NA,47
2018-05-02T10:16:03Z,2018-05-02 10:27:40,IP Address,100,697,True,2018-05-02 10:27:41,NA,NA,NA,NA,anonymous,EN,60,70,70,50,65,55,Male,44,"watch sports,watch cable tv,rent apartments,like deserts,drive to work,like the window seat on the plane",NA,48
2018-05-02T10:30:33Z,2018-05-02 10:31:17,IP Address,100,44,True,2018-05-02 10:31:17,NA,NA,NA,NA,anonymous,EN,49,50,83,29,41,49,Female,23,"watch sports,watch cable tv,rent apartments,like deserts,drive to work,like the window seat on the plane",NA,49
2018-05-02T10:21:13Z,2018-05-02 10:22:27,IP Address,100,74,True,2018-05-02 10:22:27,NA,NA,NA,NA,anonymous,EN,81,78,78,57,69,53,Male,35,"watch sports,watch cable tv,rent apartments,like deserts,drive to work,like the window seat on the plane",NA,50
2018-05-02T10:42:18Z,2018-05-02 10:44:51,IP Address,100,153,True,2018-05-02 10:44:52,NA,NA,NA,NA,anonymous,EN,23,22,48,20,51,40,Female,48,"watch sports,watch cable tv,rent apartments,like deserts,drive to work,like the window seat on the plane",NA,51
2018-05-02T10:44:09Z,2018-05-02 10:45:41,IP Address,100,91,True,2018-05-02 10:45:41,NA,NA,NA,NA,anonymous,EN,75,83,78,36,81,50,Male,43,"watch sports,watch cable tv,rent apartments,like deserts,drive to work,like the window seat on the plane",Thank you.,52
2018-05-02T10:14:57Z,2018-05-02 10:24:09,IP Address,100,551,True,2018-05-02 10:24:09,NA,NA,NA,NA,anonymous,EN,57,60,72,68,83,23,Male,20,"watch sports,watch cable tv,rent apartments,like deserts,drive to work,like the window seat on the plane",NA,53
2018-05-02T10:46:26Z,2018-05-02 10:47:36,IP Address,100,70,True,2018-05-02 10:47:37,NA,NA,NA,NA,anonymous,EN,81,74,72,62,77,50,Male,33,"watch sports,watch cable tv,rent apartments,like deserts,drive to work,like the window seat on the plane",none,54
2018-05-02T10:35:57Z,2018-05-02 10:37:28,IP Address,100,90,True,2018-05-02 10:37:29,NA,NA,NA,NA,anonymous,EN,55,100,70,60,90,80,Female,31,"watch sports,watch cable tv,rent apartments,like deserts,drive to work,like the window seat on the plane",NA,55
2018-05-02T10:16:51Z,2018-05-02 10:18:06,IP Address,100,74,True,2018-05-02 10:18:07,NA,NA,NA,NA,anonymous,EN,77,85,74,78,87,64,Female,36,"watch sports,watch cable tv,rent apartments,like deserts,drive to work,like the window seat on the plane",NA,56
2018-05-02T10:32:11Z,2018-05-02 10:33:25,IP Address,100,74,True,2018-05-02 10:33:26,NA,NA,NA,NA,anonymous,EN,95,69,87,41,77,54,Male,41,"watch sports,watch cable tv,rent apartments,like deserts,drive to work,like the window seat on the plane",thank you.,57
2018-05-02T10:26:50Z,2018-05-02 10:34:26,IP Address,100,455,True,2018-05-02 10:34:26,NA,NA,NA,NA,anonymous,EN,83,64,81,75,73,79,Male,44,"watch sports,watch cable tv,rent apartments,like deserts,drive to work,like the window seat on the plane",NA,58
2018-05-02T10:21:38Z,2018-05-02 10:22:50,IP Address,100,71,True,2018-05-02 10:22:50,NA,NA,NA,NA,anonymous,EN,70,49,95,70,82,95,Male,31,"watch sports,watch cable tv,rent apartments,like deserts,drive to work,like the window seat on the plane",NA,59
2018-05-02T10:17:04Z,2018-05-02 10:17:53,IP Address,100,48,True,2018-05-02 10:17:53,NA,NA,NA,NA,anonymous,EN,84,74,93,85,95,85,Female,34,"watch sports,watch cable tv,rent apartments,like deserts,drive to work,like the window seat on the plane",NA,60
2018-05-02T10:17:14Z,2018-05-02 10:18:24,IP Address,100,69,True,2018-05-02 10:18:25,NA,NA,NA,NA,anonymous,EN,80,25,41,62,31,14,Male,25,"watch sports,watch cable tv,rent apartments,like deserts,drive to work,like the window seat on the plane",NA,61
2018-05-02T10:24:29Z,2018-05-02 10:26:10,IP Address,100,100,True,2018-05-02 10:26:10,NA,NA,NA,NA,anonymous,EN,85,71,71,75,75,96,Female,61,"watch sports,watch cable tv,rent apartments,like deserts,drive to work,like the window seat on the plane",NA,62
2018-05-02T10:42:53Z,2018-05-02 10:43:58,IP Address,100,64,True,2018-05-02 10:43:58,NA,NA,NA,NA,anonymous,EN,88,85,61,95,93,67,Male,34,"watch sports,watch cable tv,rent apartments,like deserts,drive to work,like the window seat on the plane",good survey,63
2018-05-02T10:31:56Z,2018-05-02 10:32:50,IP Address,100,54,True,2018-05-02 10:32:51,NA,NA,NA,NA,anonymous,EN,50,77,81,83,0,82,Male,41,"watch sports,watch cable tv,rent apartments,like deserts,drive to work,like the window seat on the plane","I don't drive any of them to work, check your wording on that question.",64
2018-05-02T10:18:15Z,2018-05-02 10:19:28,IP Address,100,72,True,2018-05-02 10:19:28,NA,NA,NA,NA,anonymous,EN,60,50,75,70,80,73,Female,27,"watch sports,watch cable tv,rent apartments,like deserts,drive to work,like the window seat on the plane",NA,65
2018-05-02T10:40:38Z,2018-05-02 10:42:28,IP Address,100,109,True,2018-05-02 10:42:28,NA,NA,NA,NA,anonymous,EN,55,35,66,60,75,45,Male,39,"watch sports,watch cable tv,rent apartments,like deserts,drive to work,like the window seat on the plane",:D,66
2018-05-02T10:15:30Z,2018-05-02 10:16:54,IP Address,100,84,True,2018-05-02 10:16:55,NA,NA,NA,NA,anonymous,EN,45,65,60,70,53,50,Male,28,"watch sports,watch cable tv,rent apartments,like deserts,drive to work,like the window seat on the plane",NA,67
2018-05-02T10:43:50Z,2018-05-02 10:45:21,IP Address,100,91,True,2018-05-02 10:45:22,NA,NA,NA,NA,anonymous,EN,80,89,100,65,90,75,Male,35,"watch sports,watch cable tv,rent apartments,like deserts,drive to work,like the window seat on the plane",NA,68
2018-05-02T10:42:12Z,2018-05-02 10:43:47,IP Address,100,94,True,2018-05-02 10:43:48,NA,NA,NA,NA,anonymous,EN,16,8,20,20,8,13,Female,35,"watch sports,watch cable tv,rent apartments,like deserts,drive to work,like the window seat on the plane",NA,69
2018-05-02T10:15:47Z,2018-05-02 10:18:43,IP Address,100,175,True,2018-05-02 10:18:43,NA,NA,NA,NA,anonymous,EN,75,90,70,55,40,55,Male,65,"watch sports,watch cable tv,rent apartments,like deserts,drive to work,like the window seat on the plane",NA,70
2018-05-02T10:38:03Z,2018-05-02 10:38:57,IP Address,100,54,True,2018-05-02 10:38:58,NA,NA,NA,NA,anonymous,EN,62,55,65,87,88,63,Female,33,"watch sports,watch cable tv,rent apartments,like deserts,drive to work,like the window seat on the plane",NA,71
2018-05-02T10:46:24Z,2018-05-02 10:48:16,IP Address,100,111,True,2018-05-02 10:48:17,NA,NA,NA,NA,anonymous,EN,65,80,95,90,90,95,Male,34,"watch sports,watch cable tv,rent apartments,like deserts,drive to work,like the window seat on the plane",NA,72
2018-05-02T10:32:57Z,2018-05-02 10:34:16,IP Address,100,78,True,2018-05-02 10:34:17,NA,NA,NA,NA,anonymous,EN,95,85,95,80,85,70,Male,34,"watch sports,watch cable tv,rent apartments,like deserts,drive to work,like the window seat on the plane",NA,73
2018-05-02T10:22:00Z,2018-05-02 10:23:23,IP Address,100,82,True,2018-05-02 10:23:23,NA,NA,NA,NA,anonymous,EN,41,32,57,25,79,47,Male,49,"watch sports,watch cable tv,rent apartments,like deserts,drive to work,like the window seat on the plane",NA,74
2018-05-02T10:28:27Z,2018-05-02 10:29:40,IP Address,100,72,True,2018-05-02 10:29:40,NA,NA,NA,NA,anonymous,EN,100,100,100,100,100,100,Male,28,"watch sports,watch cable tv,rent apartments,like deserts,drive to work,like the window seat on the plane",NA,75
2018-05-02T10:15:07Z,2018-05-02 10:16:07,IP Address,100,60,True,2018-05-02 10:16:07,NA,NA,NA,NA,anonymous,EN,92,74,78,68,68,77,Male,25,"watch sports,watch cable tv,rent apartments,like deserts,drive to work,like the window seat on the plane",NA,76
2018-05-02T10:15:17Z,2018-05-02 10:16:18,IP Address,100,60,True,2018-05-02 10:16:19,NA,NA,NA,NA,anonymous,EN,73,79,97,53,84,88,Female,32,"watch sports,watch cable tv,rent apartments,like deserts,drive to work,like the window seat on the plane",NA,77
2018-05-02T10:36:39Z,2018-05-02 10:38:52,IP Address,100,132,True,2018-05-02 10:38:52,NA,NA,NA,NA,anonymous,EN,97,66,75,65,80,50,Male,58,"watch sports,watch cable tv,rent apartments,like deserts,drive to work,like the window seat on the plane",Thank you.,78
2018-05-02T10:41:42Z,2018-05-02 10:43:14,IP Address,100,92,True,2018-05-02 10:43:14,NA,NA,NA,NA,anonymous,EN,70,40,50,36,59,75,Female,47,"watch sports,watch cable tv,rent apartments,like deserts,drive to work,like the window seat on the plane",none,79
2018-05-02T10:18:32Z,2018-05-02 10:19:39,IP Address,100,66,True,2018-05-02 10:19:39,NA,NA,NA,NA,anonymous,EN,84,71,69,46,86,72,Male,23,"watch sports,watch cable tv,rent apartments,like deserts,drive to work,like the window seat on the plane",NA,80
2018-05-02T10:35:30Z,2018-05-02 10:36:27,IP Address,100,57,True,2018-05-02 10:36:27,NA,NA,NA,NA,anonymous,EN,100,100,100,100,100,100,Female,30,"watch sports,watch cable tv,rent apartments,like deserts,drive to work,like the window seat on the plane",NA,81
2018-05-02T10:15:59Z,2018-05-02 10:17:09,IP Address,100,70,True,2018-05-02 10:17:09,NA,NA,NA,NA,anonymous,EN,83,70,60,34,81,55,Female,47,"watch sports,watch cable tv,rent apartments,like deserts,drive to work,like the window seat on the plane",NA,82
2018-05-02T10:18:20Z,2018-05-02 10:20:13,IP Address,100,113,True,2018-05-02 10:20:14,NA,NA,NA,NA,anonymous,EN,65,65,85,70,80,70,Female,43,"watch sports,watch cable tv,rent apartments,like deserts,drive to work,like the window seat on the plane",NA,83
2018-05-02T10:15:52Z,2018-05-02 10:17:44,IP Address,100,111,True,2018-05-02 10:17:44,NA,NA,NA,NA,anonymous,EN,67,70,67,60,62,65,Male,35,"watch sports,watch cable tv,rent apartments,like deserts,drive to work,like the window seat on the plane",NA,84
2018-05-02T10:19:29Z,2018-05-02 10:21:15,IP Address,100,106,True,2018-05-02 10:21:15,NA,NA,NA,NA,anonymous,EN,80,80,70,75,90,50,Female,46,"watch sports,watch cable tv,rent apartments,like deserts,drive to work,like the window seat on the plane",NA,85
2018-05-02T10:36:37Z,2018-05-02 10:37:24,IP Address,100,47,True,2018-05-02 10:37:25,NA,NA,NA,NA,anonymous,EN,93,88,87,92,87,85,Male,25,"watch sports,watch cable tv,rent apartments,like deserts,drive to work,like the window seat on the plane",NA,86
2018-05-02T10:21:07Z,2018-05-02 10:23:04,IP Address,100,116,True,2018-05-02 10:23:05,NA,NA,NA,NA,anonymous,EN,71,93,80,40,85,55,Female,42,"watch sports,watch cable tv,rent apartments,like deserts,drive to work,like the window seat on the plane",NA,87
2018-05-02T10:38:17Z,2018-05-02 10:41:38,IP Address,100,201,True,2018-05-02 10:41:39,NA,NA,NA,NA,anonymous,EN,52,72,56,48,83,61,Female,69,"watch sports,watch cable tv,rent apartments,like deserts,drive to work,like the window seat on the plane",good survey,88
2018-05-02T10:36:06Z,2018-05-02 10:37:33,IP Address,100,87,True,2018-05-02 10:37:34,NA,NA,NA,NA,anonymous,EN,50,62,62,71,73,81,Female,40,"watch sports,watch cable tv,rent apartments,like deserts,drive to work,like the window seat on the plane",NA,89
2018-05-02T10:37:11Z,2018-05-02 10:39:54,IP Address,100,163,True,2018-05-02 10:39:54,NA,NA,NA,NA,anonymous,EN,60,45,90,40,75,35,Male,28,"watch sports,watch cable tv,rent apartments,like deserts,drive to work,like the window seat on the plane",NA,90
2018-05-02T10:24:57Z,2018-05-02 10:26:12,IP Address,100,75,True,2018-05-02 10:26:13,NA,NA,NA,NA,anonymous,EN,81,19,38,82,47,92,Male,34,"watch sports,watch cable tv,rent apartments,drive to work,like the window seat on the plane,go to bars",NA,91
2018-05-02T10:15:22Z,2018-05-02 10:16:23,IP Address,100,61,True,2018-05-02 10:16:24,NA,NA,NA,NA,anonymous,EN,60,69,70,68,59,74,Male,24,"watch sports,watch cable tv,like deserts,drive to work,like the window seat on the plane",NA,92
2018-05-02T10:17:40Z,2018-05-02 10:19:21,IP Address,100,100,True,2018-05-02 10:19:21,NA,NA,NA,NA,anonymous,EN,75,85,80,70,90,75,Female,29,"watch sports,watch cable tv,rent apartments,like deserts,drive to work,like the window seat on the plane",NA,93
2018-05-02T10:33:35Z,2018-05-02 10:35:07,IP Address,100,91,True,2018-05-02 10:35:07,NA,NA,NA,NA,anonymous,EN,76,69,69,63,0,67,Male,50,"watch sports,watch cable tv,rent apartments,like deserts,drive to work,like the window seat on the plane",NA,94
2018-05-02T10:20:46Z,2018-05-02 10:22:49,IP Address,100,123,True,2018-05-02 10:22:49,NA,NA,NA,NA,anonymous,EN,78,60,76,76,67,57,Male,32,"watch sports,watch cable tv,rent apartments,like deserts,drive to work,like the window seat on the plane",NA,95
2018-05-02T10:35:33Z,2018-05-02 10:36:37,IP Address,100,64,True,2018-05-02 10:36:38,NA,NA,NA,NA,anonymous,EN,69,31,100,74,91,53,Female,50,"watch sports,watch cable tv,rent apartments,like deserts,drive to work,like the window seat on the plane","Was ""deserts"" supposed to be spelled ""desserts?"" Just curious",96
2018-05-02T10:16:00Z,2018-05-02 10:16:56,IP Address,100,55,True,2018-05-02 10:16:56,NA,NA,NA,NA,anonymous,EN,70,71,90,80,80,66,Female,38,"watch sports,watch cable tv,rent apartments,like deserts,drive to work,like the window seat on the plane",NA,97
2018-05-02T10:18:58Z,2018-05-02 10:20:30,IP Address,100,91,True,2018-05-02 10:20:30,NA,NA,NA,NA,anonymous,EN,61,61,61,59,60,61,Male,40,"watch sports,watch cable tv,rent apartments,drive to work,like the window seat on the plane,like online shopping",NA,98
2018-05-02T10:34:01Z,2018-05-02 10:36:50,IP Address,100,169,True,2018-05-02 10:36:51,NA,NA,NA,NA,anonymous,EN,0,0,0,0,0,0,Male,28,"watch sports,watch cable tv,rent apartments,like deserts,drive to work,like the window seat on the plane",i dont know what the heck akarian is but looks freaky as heck. This is what i found https://br.wikipedia.org/wiki/Akarian,99
2018-05-02T10:35:02Z,2018-05-02 10:37:19,IP Address,100,137,True,2018-05-02 10:37:20,NA,NA,NA,NA,anonymous,EN,66,70,91,89,96,55,Male,24,"watch sports,watch cable tv,rent apartments,like deserts,drive to work,like the window seat on the plane",NA,100
2018-05-02T10:26:48Z,2018-05-02 10:28:45,IP Address,100,116,True,2018-05-02 10:28:45,NA,NA,NA,NA,anonymous,EN,71,89,87,58,88,87,Female,28,"watch sports,watch cable tv,rent apartments,like deserts,drive to work,like the window seat on the plane",NA,101
2018-05-02T10:18:03Z,2018-05-02 10:20:02,IP Address,100,118,True,2018-05-02 10:20:02,NA,NA,NA,NA,anonymous,EN,70,79,43,56,49,46,Male,62,"watch sports,watch cable tv,rent apartments,like deserts,drive to work,like the window seat on the plane",NA,102
2018-05-02T10:15:15Z,2018-05-02 10:16:14,IP Address,100,59,True,2018-05-02 10:16:15,NA,NA,NA,NA,anonymous,EN,80,75,80,65,75,60,Female,29,"watch sports,watch cable tv,rent apartments,like deserts,drive to work,like the window seat on the plane",Interesting!,103
2018-05-02T10:26:14Z,2018-05-02 10:27:29,IP Address,100,75,True,2018-05-02 10:27:30,NA,NA,NA,NA,anonymous,EN,37,74,80,51,67,36,Male,34,"watch sports,watch cable tv,rent apartments,like deserts,drive to work,like the window seat on the plane",NA,104
2018-05-02T10:26:51Z,2018-05-02 10:28:16,IP Address,100,85,True,2018-05-02 10:28:17,NA,NA,NA,NA,anonymous,EN,81,85,97,80,95,62,Female,36,"watch sports,watch cable tv,rent apartments,like deserts,drive to work,like the window seat on the plane",Thank you for allowing me to participate in your study.,105
2018-05-02T10:27:25Z,2018-05-02 10:29:30,IP Address,100,124,True,2018-05-02 10:29:30,NA,NA,NA,NA,anonymous,EN,50,50,50,50,50,50,Male,37,"watch sports,watch cable tv,rent apartments,like deserts,drive to work,like the window seat on the plane",Not enough information is given to determine if the Akarians do anything above or below 50%.,106
2018-05-02T10:36:59Z,2018-05-02 10:38:25,IP Address,100,85,True,2018-05-02 10:38:25,NA,NA,NA,NA,anonymous,EN,63,54,78,70,76,56,Female,50,"watch sports,watch cable tv,rent apartments,like deserts,drive to work,like the window seat on the plane",NA,107
2018-05-02T10:21:43Z,2018-05-02 10:26:20,IP Address,100,277,True,2018-05-02 10:26:20,NA,NA,NA,NA,anonymous,EN,71,74,81,70,75,68,Male,27,"watch sports,watch cable tv,rent apartments,like deserts,drive to work,like the window seat on the plane",NA,108
2018-05-02T10:15:01Z,2018-05-02 10:16:28,IP Address,100,87,True,2018-05-02 10:16:29,NA,NA,NA,NA,anonymous,EN,85,95,95,90,50,100,Male,36,"watch sports,watch cable tv,rent apartments,like deserts,drive to work,like the window seat on the plane",NA,109
2018-05-02T10:14:56Z,2018-05-02 10:16:13,IP Address,100,77,True,2018-05-02 10:16:13,NA,NA,NA,NA,anonymous,EN,86,100,100,86,98,100,Female,32,"watch sports,watch cable tv,rent apartments,like deserts,drive to work,like the window seat on the plane",NA,110
2018-05-02T10:18:59Z,2018-05-02 10:21:02,IP Address,100,122,True,2018-05-02 10:21:02,NA,NA,NA,NA,anonymous,EN,65,75,90,75,90,60,Male,44,"watch sports,watch cable tv,rent apartments,like deserts,drive to work,like the window seat on the plane",NA,111
2018-05-02T11:03:24Z,2018-05-02 11:04:34,IP Address,100,69,True,2018-05-02 11:04:34,NA,NA,NA,NA,anonymous,EN,17,32,34,47,45,33,Male,37,"watch sports,watch cable tv,rent apartments,like deserts,drive to work,like the window seat on the plane",NA,112
2018-05-02T10:17:03Z,2018-05-02 10:20:13,IP Address,100,189,True,2018-05-02 10:20:13,NA,NA,NA,NA,anonymous,EN,87,80,79,83,82,82,Female,30,"watch sports,rent apartments,like deserts,drive to work,like the window seat on the plane",NA,113
2018-05-02T10:19:38Z,2018-05-02 10:20:53,IP Address,100,74,True,2018-05-02 10:20:53,NA,NA,NA,NA,anonymous,EN,74,58,79,95,95,91,Male,42,"watch sports,watch cable tv,rent apartments,like deserts,drive to work,like the window seat on the plane",NA,114
2018-05-02T10:33:07Z,2018-05-02 10:34:19,IP Address,100,72,True,2018-05-02 10:34:20,NA,NA,NA,NA,anonymous,EN,59,80,85,49,62,46,Female,36,"watch sports,watch cable tv,rent apartments,like deserts,drive to work,like the window seat on the plane",NA,115
2018-05-02T10:41:43Z,2018-05-02 10:42:37,IP Address,100,54,True,2018-05-02 10:42:37,NA,NA,NA,NA,anonymous,EN,100,89,90,32,97,83,Female,29,"watch cable tv,rent apartments,like deserts,drive to work,like the window seat on the plane",NA,116
2018-05-02T10:16:43Z,2018-05-02 10:18:05,IP Address,100,82,True,2018-05-02 10:18:06,NA,NA,NA,NA,anonymous,EN,90,89,89,90,90,90,Male,43,"watch sports,watch cable tv,rent apartments,like deserts,drive to work,like the window seat on the plane",NA,117
2018-05-02T10:29:52Z,2018-05-02 10:34:35,IP Address,100,283,True,2018-05-02 10:34:35,NA,NA,NA,NA,anonymous,EN,80,70,65,65,85,75,Female,49,"watch sports,watch cable tv,rent apartments,like deserts,drive to work,like the window seat on the plane",NA,118
2018-05-02T10:22:54Z,2018-05-02 10:24:00,IP Address,100,66,True,2018-05-02 10:24:00,NA,NA,NA,NA,anonymous,EN,71,61,88,66,96,68,Male,27,"watch sports,watch cable tv,rent apartments,like deserts,drive to work,like the window seat on the plane",NA,119
2018-05-02T10:33:21Z,2018-05-02 10:34:58,IP Address,100,97,True,2018-05-02 10:34:58,NA,NA,NA,NA,anonymous,EN,75,70,70,40,62,80,Male,61,"watch sports,watch cable tv,rent apartments,like deserts,drive to work,like the window seat on the plane",NA,120
2018-05-02T10:31:43Z,2018-05-02 10:32:32,IP Address,100,48,True,2018-05-02 10:32:32,NA,NA,NA,NA,anonymous,EN,78,56,84,68,72,48,Female,30,"watch sports,watch cable tv,rent apartments,like deserts,drive to work,like the window seat on the plane",NA,121
2018-05-02T10:35:06Z,2018-05-02 10:36:22,IP Address,100,76,True,2018-05-02 10:36:23,NA,NA,NA,NA,anonymous,EN,50,87,84,50,81,26,Male,45,"watch sports,watch cable tv,rent apartments,like deserts,drive to work,like the window seat on the plane",NA,122
2018-05-02T10:43:40Z,2018-05-02 10:44:42,IP Address,100,61,True,2018-05-02 10:44:42,NA,NA,NA,NA,anonymous,EN,87,87,95,94,96,95,Female,36,"watch sports,watch cable tv,rent apartments,like deserts,drive to work,like the window seat on the plane",NA,123
2018-05-02T10:42:56Z,2018-05-02 10:44:20,IP Address,100,83,True,2018-05-02 10:44:20,NA,NA,NA,NA,anonymous,EN,49,54,65,74,70,40,Male,31,"watch sports,watch cable tv,rent apartments,like deserts,drive to work,like the window seat on the plane",NA,124
2018-05-02T10:17:27Z,2018-05-02 10:20:11,IP Address,100,164,True,2018-05-02 10:20:11,NA,NA,NA,NA,anonymous,EN,76,98,87,62,92,84,Male,38,"watch sports,watch cable tv,rent apartments,like deserts,drive to work,like the window seat on the plane",NA,125
2018-05-02T10:35:34Z,2018-05-02 10:36:27,IP Address,100,52,True,2018-05-02 10:36:27,NA,NA,NA,NA,anonymous,EN,70,69,67,62,80,53,Female,33,"watch sports,watch cable tv,rent apartments,like deserts,drive to work,like the window seat on the plane",NA,126
2018-05-02T10:15:58Z,2018-05-02 10:18:27,IP Address,100,148,True,2018-05-02 10:18:27,NA,NA,NA,NA,anonymous,EN,60,55,77,90,70,85,Female,36,"watch sports,watch cable tv,rent apartments,like deserts,drive to work,like the window seat on the plane","Fun task, thank you!",127
2018-05-02T10:41:42Z,2018-05-02 10:43:42,IP Address,100,120,True,2018-05-02 10:43:42,NA,NA,NA,NA,anonymous,EN,55,56,49,60,75,54,Female,34,"watch sports,watch cable tv,rent apartments,like deserts,drive to work,like the window seat on the plane",NA,128
2018-05-02T10:22:45Z,2018-05-02 10:26:01,IP Address,100,196,True,2018-05-02 10:26:02,NA,NA,NA,NA,anonymous,EN,58,64,60,60,79,75,Male,54,"watch cable tv,rent apartments,like deserts,drive to work,like the window seat on the plane,likes puppies",NA,129
2018-05-02T10:26:40Z,2018-05-02 10:28:40,IP Address,100,119,True,2018-05-02 10:28:40,NA,NA,NA,NA,anonymous,EN,80,95,94,88,90,75,Male,24,"watch sports,watch cable tv,rent apartments,like deserts,drive to work,like the window seat on the plane",Everything was clear to follow. Thank you,130
2018-05-02T10:16:17Z,2018-05-02 10:18:49,IP Address,100,152,True,2018-05-02 10:18:49,NA,NA,NA,NA,anonymous,EN,42,62,73,30,69,50,Female,33,"watch sports,watch cable tv,rent apartments,like deserts,drive to work,like the window seat on the plane",NA,131
2018-05-02T10:25:58Z,2018-05-02 10:28:16,IP Address,100,138,True,2018-05-02 10:28:16,NA,NA,NA,NA,anonymous,EN,87,90,80,85,80,90,Male,28,"watch sports,watch cable tv,rent apartments,like deserts,drive to work,like the window seat on the plane",NA,132
2018-05-02T10:42:37Z,2018-05-02 10:44:05,IP Address,100,88,True,2018-05-02 10:44:06,NA,NA,NA,NA,anonymous,EN,71,79,83,83,64,91,Male,32,"watch sports,watch cable tv,rent apartments,like deserts,drive to work,like the window seat on the plane",NA,133
2018-05-02T10:24:24Z,2018-05-02 10:26:19,IP Address,100,114,True,2018-05-02 10:26:19,NA,NA,NA,NA,anonymous,EN,74,73,76,71,71,73,Female,30,"watch sports,watch cable tv,rent apartments,like deserts,drive to work,like the window seat on the plane",NA,134
2018-05-02T10:42:11Z,2018-05-02 10:43:41,IP Address,100,90,True,2018-05-02 10:43:41,NA,NA,NA,NA,anonymous,EN,85,85,94,30,45,85,Male,25,"watch sports,watch cable tv,rent apartments,like deserts,drive to work,like the window seat on the plane",NA,135
2018-05-02T10:38:41Z,2018-05-02 10:39:58,IP Address,100,76,True,2018-05-02 10:39:58,NA,NA,NA,NA,anonymous,EN,75,15,85,35,60,40,Male,43,"watch sports,watch cable tv,rent apartments,like deserts,drive to work,like the window seat on the plane",NA,136
2018-05-02T10:17:53Z,2018-05-02 10:18:56,IP Address,100,63,True,2018-05-02 10:18:56,NA,NA,NA,NA,anonymous,EN,52,76,61,50,86,80,Female,33,"watch sports,watch cable tv,rent apartments,like deserts,drive to work,like the window seat on the plane",non,137
2018-05-02T10:16:40Z,2018-05-02 10:18:11,IP Address,100,91,True,2018-05-02 10:18:12,NA,NA,NA,NA,anonymous,EN,80,87,82,95,84,75,Female,25,"watch sports,watch cable tv,rent apartments,like deserts,drive to work,like the window seat on the plane",NA,138
2018-05-02T10:16:27Z,2018-05-02 10:18:09,IP Address,100,101,True,2018-05-02 10:18:09,NA,NA,NA,NA,anonymous,EN,76,70,83,82,76,90,Female,43,"watch sports,watch cable tv,rent apartments,like deserts,drive to work,like the window seat on the plane",NA,139
2018-05-02T10:20:30Z,2018-05-02 10:21:35,IP Address,100,65,True,2018-05-02 10:21:36,NA,NA,NA,NA,anonymous,EN,90,100,80,75,80,67,Male,33,"watch sports,watch cable tv,rent apartments,like deserts,drive to work,like the window seat on the plane",NA,140
2018-05-02T10:15:02Z,2018-05-02 10:15:48,IP Address,100,46,True,2018-05-02 10:15:49,NA,NA,NA,NA,anonymous,EN,92,88,87,92,91,76,Male,33,"watch sports,watch cable tv,rent apartments,like deserts,drive to work,like the window seat on the plane",NA,141
2018-05-02T10:41:30Z,2018-05-02 10:42:38,IP Address,100,67,True,2018-05-02 10:42:39,NA,NA,NA,NA,anonymous,EN,18,90,48,66,89,73,Male,35,"watch sports,watch cable tv,rent apartments,like deserts,drive to work,like the window seat on the plane",NA,142
2018-05-02T10:19:19Z,2018-05-02 10:20:55,IP Address,100,95,True,2018-05-02 10:20:55,NA,NA,NA,NA,anonymous,EN,50,38,56,38,56,22,Female,20,"watch sports,watch cable tv,rent apartments,like deserts,drive to work,like the window seat on the plane",NA,143
2018-05-02T10:19:35Z,2018-05-02 10:21:25,IP Address,100,110,True,2018-05-02 10:21:26,NA,NA,NA,NA,anonymous,EN,66,74,51,56,78,81,Female,32,"watch sports,watch cable tv,rent apartments,like deserts,drive to work,like the window seat on the plane",NA,144
2018-05-02T10:39:21Z,2018-05-02 10:40:33,IP Address,100,72,True,2018-05-02 10:40:34,NA,NA,NA,NA,anonymous,EN,69,74,83,52,88,50,Female,25,"watch sports,watch cable tv,rent apartments,like deserts,drive to work,like the window seat on the plane",NA,145
2018-05-02T10:20:42Z,2018-05-02 10:21:56,IP Address,100,74,True,2018-05-02 10:21:57,NA,NA,NA,NA,anonymous,EN,77,50,97,63,96,58,Female,22,"watch sports,watch cable tv,rent apartments,like deserts,drive to work,like the window seat on the plane",NA,146
2018-05-02T10:40:51Z,2018-05-02 10:42:34,IP Address,100,102,True,2018-05-02 10:42:34,NA,NA,NA,NA,anonymous,EN,80,90,94,80,71,60,Female,41,"watch sports,watch cable tv,rent apartments,like deserts,drive to work,like the window seat on the plane",n/a,147
2018-05-02T10:17:01Z,2018-05-02 10:18:56,IP Address,100,115,True,2018-05-02 10:18:56,NA,NA,NA,NA,anonymous,EN,90,60,80,60,80,60,Male,27,"watch sports,watch cable tv,rent apartments,like deserts,drive to work,like the window seat on the plane",NA,148
2018-05-02T10:44:43Z,2018-05-02 10:45:42,IP Address,100,58,True,2018-05-02 10:45:42,NA,NA,NA,NA,anonymous,EN,100,100,100,100,100,100,Female,45,"watch sports,watch cable tv,rent apartments,like deserts,drive to work,like the window seat on the plane",NA,149
2018-05-02T10:27:45Z,2018-05-02 10:29:29,IP Address,100,103,True,2018-05-02 10:29:29,NA,NA,NA,NA,anonymous,EN,66,70,81,80,80,75,Female,34,"watch sports,watch cable tv,rent apartments,like deserts,drive to work,like the window seat on the plane",none,150
2018-05-02T10:40:51Z,2018-05-02 10:41:44,IP Address,100,52,True,2018-05-02 10:41:44,NA,NA,NA,NA,anonymous,EN,72,53,82,71,41,69,Male,28,like the window seat on the plane,NA,151
2018-05-02T10:15:42Z,2018-05-02 10:17:45,IP Address,100,122,True,2018-05-02 10:17:45,NA,NA,NA,NA,anonymous,EN,56,69,66,49,54,68,Female,31,"watch sports,watch cable tv,rent apartments,like deserts,drive to work,like the window seat on the plane",NA,152
2018-05-02T10:15:49Z,2018-05-02 10:19:05,IP Address,100,195,True,2018-05-02 10:19:05,NA,NA,NA,NA,anonymous,EN,57,61,24,45,38,76,Male,25,"watch sports,watch cable tv,rent apartments,like deserts,drive to work,go to bars",NA,153
2018-05-02T10:30:48Z,2018-05-02 10:32:36,IP Address,100,107,True,2018-05-02 10:32:37,NA,NA,NA,NA,anonymous,EN,50,40,50,65,70,50,Male,35,"watch sports,watch cable tv,rent apartments,like deserts,drive to work,like the window seat on the plane",Thanks!,154
2018-05-02T10:24:12Z,2018-05-02 10:25:33,IP Address,100,80,True,2018-05-02 10:25:33,NA,NA,NA,NA,anonymous,EN,56,75,93,83,74,88,Male,37,"watch sports,watch cable tv,rent apartments,like deserts,drive to work,like the window seat on the plane",NA,155
2018-05-02T10:15:37Z,2018-05-02 10:16:50,IP Address,100,72,True,2018-05-02 10:16:50,NA,NA,NA,NA,anonymous,EN,85,89,85,73,94,90,Male,26,"watch sports,watch cable tv,rent apartments,like deserts,drive to work,like the window seat on the plane",NA,156
2018-05-02T10:38:54Z,2018-05-02 10:39:43,IP Address,100,48,True,2018-05-02 10:39:43,NA,NA,NA,NA,anonymous,EN,73,13,40,85,54,91,Male,26,"watch sports,watch cable tv,rent apartments,like deserts,drive to work,like the window seat on the plane",NA,157
2018-05-02T10:31:58Z,2018-05-02 10:33:26,IP Address,100,87,True,2018-05-02 10:33:26,NA,NA,NA,NA,anonymous,EN,53,66,71,92,96,45,Female,31,"watch sports,watch cable tv,rent apartments,like deserts,drive to work,like the window seat on the plane",NA,158
2018-05-02T10:43:51Z,2018-05-02 10:45:46,IP Address,100,115,True,2018-05-02 10:45:47,NA,NA,NA,NA,anonymous,EN,76,73,81,60,77,88,Male,46,"watch sports,watch cable tv,rent apartments,like deserts,drive to work,like the window seat on the plane",Hope I was of assistance,159
2018-05-02T10:28:16Z,2018-05-02 10:31:28,IP Address,100,192,True,2018-05-02 10:31:28,NA,NA,NA,NA,anonymous,EN,65,40,65,35,80,60,Male,27,"watch sports,watch cable tv,rent apartments,like deserts,drive to work,like the window seat on the plane",NA,160
2018-05-02T10:18:49Z,2018-05-02 10:20:13,IP Address,100,83,True,2018-05-02 10:20:13,NA,NA,NA,NA,anonymous,EN,49,48,48,52,51,46,Female,39,"watch sports,rent apartments,like deserts,like the window seat on the plane",NA,161
2018-05-02T10:22:25Z,2018-05-02 10:23:21,IP Address,100,55,True,2018-05-02 10:23:21,NA,NA,NA,NA,anonymous,EN,62,87,65,74,64,59,Female,21,"watch sports,watch cable tv,rent apartments,like deserts,like the window seat on the plane",NA,162
2018-05-02T10:14:45Z,2018-05-02 10:16:00,IP Address,100,75,True,2018-05-02 10:16:01,NA,NA,NA,NA,anonymous,EN,74,51,90,42,72,98,Female,24,"watch sports,watch cable tv,rent apartments,like deserts,drive to work,like the window seat on the plane",NA,163
2018-05-02T10:21:20Z,2018-05-02 10:23:27,IP Address,100,126,True,2018-05-02 10:23:27,NA,NA,NA,NA,anonymous,EN,68,56,51,52,53,59,Female,52,"watch sports,watch cable tv,rent apartments,like deserts,drive to work,like the window seat on the plane",NA,164
2018-05-02T10:28:58Z,2018-05-02 10:29:49,IP Address,100,51,True,2018-05-02 10:29:50,NA,NA,NA,NA,anonymous,EN,97,61,71,90,62,77,Male,32,"watch sports,watch cable tv,rent apartments,like deserts,drive to work,like the window seat on the plane",NA,165
2018-05-02T10:21:24Z,2018-05-02 10:22:20,IP Address,100,55,True,2018-05-02 10:22:21,NA,NA,NA,NA,anonymous,EN,50,50,50,50,50,50,Male,27,"watch sports,watch cable tv,rent apartments,like deserts,drive to work,like the window seat on the plane",NA,166
2018-05-02T10:22:00Z,2018-05-02 10:22:57,IP Address,100,56,True,2018-05-02 10:22:57,NA,NA,NA,NA,anonymous,EN,60,53,75,78,93,80,Male,34,"watch sports,watch cable tv,like deserts,drive to work,like the window seat on the plane,like online shopping",NA,167
2018-05-02T10:24:19Z,2018-05-02 10:26:20,IP Address,100,120,True,2018-05-02 10:26:21,NA,NA,NA,NA,anonymous,EN,91,96,81,60,85,76,Male,40,"watch sports,watch cable tv,rent apartments,like deserts,drive to work,like the window seat on the plane",A2MCRVU8I9VNHG,168
2018-05-02T10:44:12Z,2018-05-02 10:45:41,IP Address,100,89,True,2018-05-02 10:45:41,NA,NA,NA,NA,anonymous,EN,80,75,80,80,65,75,Female,35,"watch sports,watch cable tv,rent apartments,like deserts,drive to work,like the window seat on the plane",NA,169
2018-05-02T10:30:47Z,2018-05-02 10:34:38,IP Address,100,230,True,2018-05-02 10:34:38,NA,NA,NA,NA,anonymous,EN,52,54,50,52,51,58,Female,28,"watch sports,watch cable tv,rent apartments,like deserts,drive to work,like the window seat on the plane",NA,170
2018-05-02T10:16:41Z,2018-05-02 10:17:26,IP Address,100,44,True,2018-05-02 10:17:27,NA,NA,NA,NA,anonymous,EN,75,79,83,80,85,79,Male,27,"watch sports,watch cable tv,rent apartments,drive to work,like the window seat on the plane,likes puppies,like online shopping",NA,171
2018-05-02T10:18:49Z,2018-05-02 10:20:34,IP Address,100,105,True,2018-05-02 10:20:35,NA,NA,NA,NA,anonymous,EN,92,92,75,75,60,88,Male,33,"watch sports,watch cable tv,rent apartments,like deserts,drive to work,like the window seat on the plane",NA,172
2018-05-02T10:14:58Z,2018-05-02 10:15:43,IP Address,100,44,True,2018-05-02 10:15:44,NA,NA,NA,NA,anonymous,EN,100,100,100,100,100,100,Male,25,"watch sports,watch cable tv,rent apartments,like deserts,drive to work,like the window seat on the plane",NA,173
2018-05-02T10:38:54Z,2018-05-02 10:40:01,IP Address,100,66,True,2018-05-02 10:40:01,NA,NA,NA,NA,anonymous,EN,57,70,96,49,80,81,Female,28,"watch sports,watch cable tv,rent apartments,like deserts,drive to work,like the window seat on the plane",NA,174
2018-05-02T10:15:34Z,2018-05-02 10:16:09,IP Address,100,35,True,2018-05-02 10:16:09,NA,NA,NA,NA,anonymous,EN,70,80,83,90,60,75,Male,34,"watch sports,watch cable tv,rent apartments,like deserts,drive to work,like the window seat on the plane",Thanks,175
2018-05-02T10:24:04Z,2018-05-02 10:24:59,IP Address,100,54,True,2018-05-02 10:24:59,NA,NA,NA,NA,anonymous,EN,78,79,80,63,69,78,Male,33,"watch sports,watch cable tv,rent apartments,like deserts,drive to work,like the window seat on the plane",NONE,176
2018-05-02T10:36:31Z,2018-05-02 10:37:56,IP Address,100,85,True,2018-05-02 10:37:57,NA,NA,NA,NA,anonymous,EN,73,55,83,37,65,50,Male,26,"watch sports,watch cable tv,rent apartments,like deserts,drive to work,like the window seat on the plane",NA,177
2018-05-02T10:44:10Z,2018-05-02 10:45:57,IP Address,100,107,True,2018-05-02 10:45:58,NA,NA,NA,NA,anonymous,EN,80,90,80,85,95,90,Male,41,"watch sports,watch cable tv,rent apartments,like deserts,drive to work,like the window seat on the plane",NA,178
2018-05-02T10:39:04Z,2018-05-02 10:40:15,IP Address,100,71,True,2018-05-02 10:40:15,NA,NA,NA,NA,anonymous,EN,50,15,80,50,50,30,Male,22,"watch sports,watch cable tv,rent apartments,like deserts,drive to work,like the window seat on the plane",NA,179
2018-05-02T10:20:39Z,2018-05-02 10:21:47,IP Address,100,68,True,2018-05-02 10:21:48,NA,NA,NA,NA,anonymous,EN,98,65,74,58,96,85,Male,26,"watch sports,watch cable tv,rent apartments,like deserts,drive to work,like the window seat on the plane",NA,180
2018-05-02T10:24:10Z,2018-05-02 10:24:58,IP Address,100,48,True,2018-05-02 10:24:59,NA,NA,NA,NA,anonymous,EN,78,90,86,72,78,72,Female,30,"watch sports,watch cable tv,rent apartments,like deserts,drive to work,like the window seat on the plane",NA,181
2018-05-02T10:21:13Z,2018-05-02 10:22:04,IP Address,100,50,True,2018-05-02 10:22:05,NA,NA,NA,NA,anonymous,EN,69,75,78,50,87,58,Female,29,"watch sports,watch cable tv,rent apartments,like deserts,drive to work,like the window seat on the plane",NA,182
2018-05-02T10:15:51Z,2018-05-02 10:16:52,IP Address,100,61,True,2018-05-02 10:16:52,NA,NA,NA,NA,anonymous,EN,62,65,70,47,48,76,Female,24,"watch sports,watch cable tv,rent apartments,like deserts,drive to work,like the window seat on the plane",NA,183
2018-05-02T10:25:49Z,2018-05-02 10:27:39,IP Address,100,110,True,2018-05-02 10:27:39,NA,NA,NA,NA,anonymous,EN,23,76,32,52,65,30,Male,36,"watch sports,watch cable tv,rent apartments,like deserts,drive to work,like the window seat on the plane",NA,184
2018-05-02T10:42:00Z,2018-05-02 10:43:37,IP Address,100,97,True,2018-05-02 10:43:38,NA,NA,NA,NA,anonymous,EN,89,65,90,70,89,60,Female,56,"watch sports,watch cable tv,rent apartments,like deserts,drive to work,like the window seat on the plane",NA,185
2018-05-02T10:21:58Z,2018-05-02 10:23:36,IP Address,100,98,True,2018-05-02 10:23:37,NA,NA,NA,NA,anonymous,EN,80,53,58,57,78,59,Male,25,"watch sports,watch cable tv,rent apartments,like deserts,drive to work,like the window seat on the plane",NA,186
2018-05-02T10:24:37Z,2018-05-02 10:26:08,IP Address,100,90,True,2018-05-02 10:26:09,NA,NA,NA,NA,anonymous,EN,93,91,94,91,94,93,Female,59,"watch sports,watch cable tv,rent apartments,like deserts,drive to work,like the window seat on the plane",NA,187
2018-05-02T10:15:08Z,2018-05-02 10:17:00,IP Address,100,112,True,2018-05-02 10:17:01,NA,NA,NA,NA,anonymous,EN,70,85,90,60,80,45,Female,35,"watch sports,watch cable tv,rent apartments,like deserts,drive to work,like the window seat on the plane",NA,188
2018-05-02T10:20:25Z,2018-05-02 10:21:23,IP Address,100,57,True,2018-05-02 10:21:23,NA,NA,NA,NA,anonymous,EN,50,63,84,74,88,89,Female,36,"watch sports,watch cable tv,rent apartments,like deserts,drive to work,like the window seat on the plane",NA,189
2018-05-02T10:15:12Z,2018-05-02 10:18:37,IP Address,100,205,True,2018-05-02 10:18:38,NA,NA,NA,NA,anonymous,EN,75,80,85,65,75,50,Female,23,"watch sports,watch cable tv,rent apartments,like deserts,drive to work,like the window seat on the plane",NA,190
2018-05-02T10:15:32Z,2018-05-02 10:16:43,IP Address,100,71,True,2018-05-02 10:16:43,NA,NA,NA,NA,anonymous,EN,70,80,96,59,91,45,Female,28,"watch sports,watch cable tv,rent apartments,like deserts,drive to work,like the window seat on the plane",NA,191
2018-05-02T10:30:28Z,2018-05-02 10:33:04,IP Address,100,156,True,2018-05-02 10:33:05,NA,NA,NA,NA,anonymous,EN,72,70,78,66,71,60,Female,57,"watch sports,watch cable tv,rent apartments,like deserts,drive to work,like the window seat on the plane",Thanks for survey.,192
2018-05-02T10:18:57Z,2018-05-02 10:20:36,IP Address,100,99,True,2018-05-02 10:20:36,NA,NA,NA,NA,anonymous,EN,93,100,70,86,100,97,Female,38,"watch sports,watch cable tv,rent apartments,like deserts,drive to work,like the window seat on the plane",NA,193
2018-05-02T10:16:39Z,2018-05-02 10:17:24,IP Address,100,45,True,2018-05-02 10:17:24,NA,NA,NA,NA,anonymous,EN,60,73,85,52,77,88,Female,27,"watch cable tv,rent apartments,like deserts,drive to work,like the window seat on the plane",NA,194
2018-05-02T10:16:56Z,2018-05-02 10:21:54,IP Address,100,297,True,2018-05-02 10:21:55,NA,NA,NA,NA,anonymous,EN,22,69,88,25,69,69,Female,29,"watch sports,watch cable tv,rent apartments,like deserts,drive to work,like the window seat on the plane",NA,195
