StartDate,EndDate,Status,IPAddress,Progress,Duration (in seconds),Finished,RecordedDate,ResponseId,RecipientLastName,RecipientFirstName,RecipientEmail,ExternalReference,LocationLatitude,LocationLongitude,DistributionChannel,UserLanguage,big_cities_1,own_homes_1,computer_preference_1,news_phone_1,vegetarian_1,cigarettes_1,grocery_1,tennis_1,skiing_1,podcast_1,driving_1,cook_at_home_1,dairy_products_1,go_to_gym_1,drink_coffee_1,gender,age,politics,zip,attention_check,Q11,MTurkCode
Start Date,End Date,Response Type,IP Address,Progress,Duration (in seconds),Finished,Recorded Date,Response ID,Recipient Last Name,Recipient First Name,Recipient Email,External Data Reference,Location Latitude,Location Longitude,Distribution Channel,User Language,"What proportion of people do you think like big cities?

 

You can drag the slider bar below to show your results.","What proportion of people do you think own their homes?

 

You can drag the slider bar below to show your results.","What proportion of people do you think like Macs more than PCs?


 

You can drag the slider bar below to show your results.","What proportion of people do you think get news on their phone?

 

You can drag the slider bar below to show your results.","What proportion of people do you think prefer a vegetarian diet?

 

You can drag the slider bar below to show your results.","What proportion of people do you think smoke cigarettes?


 

You can drag the slider bar below to show your results.","What proportion of people do you think brings their own bags to the grocery store?

 

You can drag the slider bar below to show your results.","What proportion of people do you think play tennis?

 

You can drag the slider bar below to show your results.","What proportion of people do you think like to go skiing?


 

You can drag the slider bar below to show your results.","What proportion of people do you think listen to podcasts? 


 

You can drag the slider bar below to show your results.","What proportion of people do you think drive to work?


 

You can drag the slider bar below to show your results.","What proportion of people do you think cook at home?


 

You can drag the slider bar below to show your results.","What proportion of people do you think consume dairy products?


 

You can drag the slider bar below to show your results.","What proportion of people do you think go to the gym?


 

You can drag the slider bar below to show your results.","What proportion of people do you think like to drink coffee?


 

You can drag the slider bar below to show your results.",What is your gender? Please select one from below.,What is your age? Please enter your age below.,What is your political affiliation?,What is your zip code? Please enter your 5-digit US zip code.,"The list below contains some habits that we asked you about earlier and some that we didn't. 

Please select the ones that we asked you about previously.",Let us know if you have any comment about this HIT (optional):,MTurkCode
"{""ImportId"":""startDate"",""timeZone"":""America/Denver""}","{""ImportId"":""endDate"",""timeZone"":""America/Denver""}","{""ImportId"":""status""}","{""ImportId"":""ipAddress""}","{""ImportId"":""progress""}","{""ImportId"":""duration""}","{""ImportId"":""finished""}","{""ImportId"":""recordedDate"",""timeZone"":""America/Denver""}","{""ImportId"":""_recordId""}","{""ImportId"":""recipientLastName""}","{""ImportId"":""recipientFirstName""}","{""ImportId"":""recipientEmail""}","{""ImportId"":""externalDataReference""}","{""ImportId"":""locationLatitude""}","{""ImportId"":""locationLongitude""}","{""ImportId"":""distributionChannel""}","{""ImportId"":""userLanguage""}","{""ImportId"":""QID5_1""}","{""ImportId"":""QID6_1""}","{""ImportId"":""QID2_1""}","{""ImportId"":""QID12_1""}","{""ImportId"":""QID13_1""}","{""ImportId"":""QID14_1""}","{""ImportId"":""QID21_1""}","{""ImportId"":""QID22_1""}","{""ImportId"":""QID23_1""}","{""ImportId"":""QID24_1""}","{""ImportId"":""QID25_1""}","{""ImportId"":""QID26_1""}","{""ImportId"":""QID27_1""}","{""ImportId"":""QID28_1""}","{""ImportId"":""QID29_1""}","{""ImportId"":""QID15""}","{""ImportId"":""QID16_TEXT""}","{""ImportId"":""QID17""}","{""ImportId"":""QID19_TEXT""}","{""ImportId"":""QID10""}","{""ImportId"":""QID11_TEXT""}","{""ImportId"":""MTurkCode""}"
2018-10-03 15:44:04,2018-10-03 15:48:10,Survey Preview,,100,246,True,2018-10-03 15:48:11,R_3RfOYZRPh1NHqVg,,,,,41.8014068603515625,-87.60050201416015625,preview,EN,24,19,52,67,6,19,33,5,4,21,62,52,50,52,79,Female,24,Democrat,60615-5543,"drink coffee,cook at home,go to the gym,drive to work",,64759607
2018-10-03 15:48:13,2018-10-03 15:49:43,Survey Preview,,100,89,True,2018-10-03 15:49:43,R_sbVxctPkjBF4MgN,,,,,41.8014068603515625,-87.60050201416015625,preview,EN,32,71,62,40,56,61,81,70,60,41,47,67,83,17,32,Female,24,Democrat,60615,watch TV,,20452827
2018-10-04 12:22:21,2018-10-04 12:26:56,IP Address,128.135.98.235,100,274,True,2018-10-04 12:26:57,R_tXVvBHxLaIvWSAN,,,,,41.7803955078125,-87.60269927978515625,anonymous,EN,52,56,67,19,32,54,28,62,44,59,57,35,24,70,23,Male,33,Democrat,60642,"drink coffee,cook at home,drive to work",t's great,58560779
2018-10-05 09:19:29,2018-10-05 09:22:43,Survey Preview,,100,194,True,2018-10-05 09:22:43,R_1LNZZpG4DH21NN8,,,,,41.7803955078125,-87.60269927978515625,preview,EN,74,83,86,75,85,64,41,39,35,56,51,87,74,71,77,Other/Non-conforming,22,Independent,60615,cook at home,,24540610
2018-10-05 11:40:26,2018-10-05 11:41:38,IP Address,71.206.8.9,100,71,True,2018-10-05 11:41:38,R_3GvLL2ghVt56zdM,,,,,39.0525970458984375,-77.121002197265625,anonymous,EN,62,38,34,59,29,19,23,26,18,14,78,60,66,17,44,Female,37,Democrat,20906,"drink coffee,cook at home,go to the gym,drive to work",,10822542
2018-10-05 11:40:40,2018-10-05 11:41:51,IP Address,98.176.238.152,100,71,True,2018-10-05 11:41:52,R_1CdQQGK0NQJ7kUI,,,,,32.56939697265625,-117.01580047607421875,anonymous,EN,37,17,50,40,4,6,10,3,14,5,60,40,60,7,30,Male,28,Democrat,91913,"drink coffee,cook at home,go to the gym,drive to work,read newspapers",,81381630
2018-10-05 11:40:35,2018-10-05 11:42:01,IP Address,70.94.39.183,100,85,True,2018-10-05 11:42:01,R_2tDRrTxWA3YagbV,,,,,39.269195556640625,-94.38909912109375,anonymous,EN,40,44,15,80,7,15,11,6,33,2,52,81,92,26,70,Female,28,Democrat,64068,"drink coffee,cook at home,go to the gym,drive to work",,78297068
2018-10-05 11:40:32,2018-10-05 11:42:02,IP Address,72.92.32.32,100,90,True,2018-10-05 11:42:02,R_1NrxTR2JeDvqN7G,,,,,39.9828033447265625,-75.17960357666015625,anonymous,EN,91,99,62,98,91,64,94,80,96,31,97,98,89,100,90,Male,21,Republican,17603,drink coffee,,12116862
2018-10-05 11:40:39,2018-10-05 11:42:04,IP Address,68.118.236.166,100,85,True,2018-10-05 11:42:05,R_3G32WNspyb38jMG,,,,,42.131805419921875,-71.9730987548828125,anonymous,EN,49,35,54,59,29,32,26,21,27,21,61,72,83,40,76,Female,35,Independent,01524,"drink coffee,cook at home,go to the gym,drive to work",,50789175
2018-10-05 11:40:35,2018-10-05 11:42:12,IP Address,73.239.107.7,100,96,True,2018-10-05 11:42:12,R_1EaDaLLSXGzI1ti,,,,,48.3636016845703125,-121.9803009033203125,anonymous,EN,53,25,36,70,16,18,13,26,43,29,70,65,76,60,69,Female,24,Democrat,98277,"drink coffee,cook at home,go to the gym,drive to work",,84399458
2018-10-05 11:40:46,2018-10-05 11:42:13,IP Address,69.250.139.23,100,86,True,2018-10-05 11:42:13,R_vTzyfvMJK8lgstr,,,,,39.3401947021484375,-76.4026031494140625,anonymous,EN,55,45,15,50,10,30,20,20,40,35,70,80,90,60,60,Male,39,Republican,21220,"drink coffee,cook at home,go to the gym,drive to work",,83035935
2018-10-05 11:41:08,2018-10-05 11:42:17,IP Address,134.29.12.212,100,68,True,2018-10-05 11:42:17,R_vqT81xkVURL2bLj,,,,,44.13079833984375,-94,anonymous,EN,59,27,15,91,26,25,38,6,13,38,86,63,89,42,75,Female,29,Democrat,56001,"drink coffee,cook at home,go to the gym,drive to work",thanks,44643042
2018-10-05 11:40:31,2018-10-05 11:42:18,IP Address,24.107.85.75,100,107,True,2018-10-05 11:42:19,R_1LS6A5ZkvEbXThk,,,,,38.564697265625,-90.53569793701171875,anonymous,EN,37,47,76,96,38,11,7,30,32,62,65,51,82,44,81,Female,36,Democrat,63025,"drink coffee,cook at home,go to the gym,drive to work",,17178353
2018-10-05 11:40:45,2018-10-05 11:42:19,IP Address,173.20.61.112,100,93,True,2018-10-05 11:42:19,R_1CjRMfas3tN7Zlo,,,,,30.4467010498046875,-86.875,anonymous,EN,51,42,53,89,8,25,4,10,11,26,80,53,85,19,66,Female,32,Democrat,32566,"drink coffee,cook at home,go to the gym,drive to work",,60226870
2018-10-05 11:40:35,2018-10-05 11:42:24,IP Address,159.39.62.209,100,109,True,2018-10-05 11:42:24,R_rrxpyBJJkdFjtNT,,,,,30.447998046875,-91.128997802734375,anonymous,EN,45,67,61,95,6,10,20,15,40,70,80,70,45,33,60,Male,27,Independent,70808,"watch TV,read newspapers,go to the movies,go to bars",,42623592
2018-10-05 11:40:32,2018-10-05 11:42:27,IP Address,73.247.42.77,100,115,True,2018-10-05 11:42:28,R_3Egoibdb5zOlPZQ,,,,,42.3412017822265625,-88.11370086669921875,anonymous,EN,55,35,20,75,10,25,15,5,25,20,95,60,80,10,50,Male,32,Democrat,60051,"drink coffee,cook at home,go to the gym,drive to work",,72553744
2018-10-05 11:40:43,2018-10-05 11:42:28,IP Address,47.183.200.198,100,105,True,2018-10-05 11:42:29,R_6FFRKOSfjlnGLVn,,,,,33.0944976806640625,-97.311798095703125,anonymous,EN,60,33,52,75,48,15,15,9,36,32,54,65,87,26,69,Female,26,Democrat,12208,"drink coffee,cook at home,go to the gym,drive to work",,56234212
2018-10-05 11:40:43,2018-10-05 11:42:30,IP Address,97.126.107.25,100,107,True,2018-10-05 11:42:30,R_2VrNzEISyxISw2W,,,,,47.673797607421875,-122.3419036865234375,anonymous,EN,40,35,30,60,12,33,25,15,18,10,65,40,85,21,55,Male,30,Independent,98133,"drink coffee,cook at home,go to the gym,drive to work,read newspapers",,38313896
2018-10-05 11:40:46,2018-10-05 11:42:31,IP Address,68.119.43.1,100,104,True,2018-10-05 11:42:31,R_1FR6rXFMEieEyyv,,,,,35.7666015625,-81.33550262451171875,anonymous,EN,27,14,51,64,29,34,4,20,29,17,58,38,76,14,71,Female,41,Democrat,28645,"drink coffee,cook at home,go to the gym,drive to work",,22908271
2018-10-05 11:40:34,2018-10-05 11:42:31,IP Address,68.35.50.136,100,117,True,2018-10-05 11:42:32,R_1JCvMbCJMKCUK7T,,,,,34.8737030029296875,-87.80899810791015625,anonymous,EN,42,35,30,73,15,25,43,20,27,55,63,38,79,23,78,Male,37,Democrat,35661,"drink coffee,cook at home,go to the gym,drive to work",,11715541
2018-10-05 11:40:39,2018-10-05 11:42:33,IP Address,71.71.214.155,100,113,True,2018-10-05 11:42:33,R_uf9zelLh6cDYxUZ,,,,,35.2180023193359375,-80.78589630126953125,anonymous,EN,60,50,30,80,40,50,55,40,25,35,65,90,65,50,45,Male,33,Democrat,28205,"drink coffee,cook at home,go to the gym,drive to work",,36477969
2018-10-05 11:41:00,2018-10-05 11:42:33,IP Address,184.90.247.11,100,93,True,2018-10-05 11:42:34,R_1dgdcy7BHIPOFJM,,,,,28.5225067138671875,-81.48349761962890625,anonymous,EN,47,39,53,91,1,15,8,1,30,40,70,63,89,34,77,Male,29,Republican,32835,"drink coffee,cook at home,go to the gym,drive to work",,92840460
2018-10-05 11:41:23,2018-10-05 11:42:38,IP Address,76.180.67.64,100,74,True,2018-10-05 11:42:38,R_2ZWzXXL9KeQoza7,,,,,42.9264068603515625,-78.74790191650390625,anonymous,EN,65,27,38,93,11,38,11,16,33,49,82,42,91,19,83,Male,29,Democrat,14225,"watch TV,read newspapers,go to the movies,go to bars",,94755806
2018-10-05 11:40:38,2018-10-05 11:42:39,IP Address,98.156.69.35,100,120,True,2018-10-05 11:42:39,R_WjNT20xUaMSIz5v,,,,,39.018402099609375,-94.7089996337890625,anonymous,EN,51,44,21,68,6,26,14,13,15,24,77,33,71,6,55,Female,38,Democrat,66203,"drink coffee,cook at home,go to the gym,drive to work,read newspapers",,41447037
2018-10-05 11:40:47,2018-10-05 11:42:44,IP Address,70.117.247.74,100,116,True,2018-10-05 11:42:44,R_29g35i8QRAeu4GC,,,,,26.0717010498046875,-97.47640228271484375,anonymous,EN,50,31,17,86,8,18,8,4,9,32,91,65,77,15,95,Male,47,Other,78566,"drink coffee,cook at home,go to the gym,drive to work",,42470374
2018-10-05 11:40:49,2018-10-05 11:42:44,IP Address,174.206.4.252,100,114,True,2018-10-05 11:42:44,R_2ZWx5hoCy4Klo6u,,,,,32.301605224609375,-95.395599365234375,anonymous,EN,53,44,27,89,15,31,12,28,26,29,85,42,75,50,63,Female,36,Democrat,76302,"drink coffee,cook at home,go to the gym,drive to work",,88792540
2018-10-05 11:40:49,2018-10-05 11:42:45,IP Address,170.115.248.23,100,116,True,2018-10-05 11:42:46,R_2E3MKofmPsVg32N,,,,,40.0325927734375,-75.1157989501953125,anonymous,EN,55,37,26,80,12,17,36,6,47,24,51,48,70,41,62,Male,28,Independent,19106,"drink coffee,cook at home,go to the gym,drive to work,watch TV",,57264067
2018-10-05 11:40:29,2018-10-05 11:42:47,IP Address,74.194.110.112,100,137,True,2018-10-05 11:42:47,R_2X0a1xZwpet5DdU,,,,,35.7881011962890625,-91.6457977294921875,anonymous,EN,60,55,23,56,18,39,13,26,39,22,72,79,80,51,66,Male,40,Democrat,72501,"drink coffee,cook at home,go to the gym,drive to work",,38588359
2018-10-05 11:40:46,2018-10-05 11:42:49,IP Address,73.173.103.253,100,122,True,2018-10-05 11:42:49,R_3JEE1EAni5Qw5pm,,,,,39.2042999267578125,-76.88330078125,anonymous,EN,50,50,21,60,3,9,33,10,9,30,90,65,85,25,81,Male,24,Democrat,21042,"drink coffee,cook at home,go to the gym,drive to work,read newspapers",,87191260
2018-10-05 11:40:32,2018-10-05 11:42:49,IP Address,68.0.123.152,100,137,True,2018-10-05 11:42:50,R_1kUHJhUKaPNvAnz,,,,,36.146697998046875,-95.95549774169921875,anonymous,EN,75,33,22,43,20,19,13,16,8,25,75,58,85,21,70,Female,44,Democrat,74120,"drink coffee,cook at home,go to the gym,drive to work",,62383307
2018-10-05 11:40:40,2018-10-05 11:42:50,IP Address,68.47.41.174,100,129,True,2018-10-05 11:42:50,R_2w6onZFkmnXtjtd,,,,,44.972900390625,-93.28730010986328125,anonymous,EN,71,79,100,92,48,57,77,18,37,39,64,75,60,74,77,Female,28,Democrat,55403,"drink coffee,cook at home,go to the gym,drive to work",,97186370
2018-10-05 11:40:30,2018-10-05 11:42:53,IP Address,71.193.158.42,100,143,True,2018-10-05 11:42:53,R_2z71pPZjcxQuQkk,,,,,45.7277069091796875,-122.614105224609375,anonymous,EN,50,30,30,60,20,14,10,25,75,30,80,85,75,25,65,Male,39,Democrat,98683,"drink coffee,cook at home,go to the gym,drive to work",,85591836
2018-10-05 11:41:34,2018-10-05 11:42:54,IP Address,173.90.134.106,100,80,True,2018-10-05 11:42:54,R_2R2PRgUZ2dxzMKf,,,,,41.1537017822265625,-81.63739776611328125,anonymous,EN,28,16,38,32,9,19,52,14,55,47,29,15,49,30,19,Male,24,Republican,44286,"go to the gym,watch TV",,30315716
2018-10-05 11:40:51,2018-10-05 11:42:56,IP Address,75.191.242.86,100,124,True,2018-10-05 11:42:56,R_2AKaKDryEMdn8Bt,,,,,36.0074005126953125,-79.873199462890625,anonymous,EN,59,24,47,93,29,18,24,28,37,67,80,68,90,37,93,Male,35,Independent,27403,"drink coffee,cook at home,go to the gym,drive to work",,33472613
2018-10-05 11:40:36,2018-10-05 11:42:56,IP Address,72.198.74.135,100,140,True,2018-10-05 11:42:56,R_2Sw5965lpuOZjXi,,,,,35.515106201171875,-97.5740966796875,anonymous,EN,25,30,4,65,30,20,41,5,5,33,31,44,68,20,49,Male,57,Democrat,73112,"drink coffee,cook at home,go to the gym,drive to work,read newspapers",,60250080
2018-10-05 11:40:51,2018-10-05 11:42:57,IP Address,73.197.123.244,100,126,True,2018-10-05 11:42:57,R_3mlWGFknQKLcWcH,,,,,39.77960205078125,-75.05049896240234375,anonymous,EN,62,30,43,70,16,17,13,27,23,42,66,48,87,36,72,Male,29,Independent,08081,"drink coffee,cook at home,go to the gym,drive to work",,49117266
2018-10-05 11:40:32,2018-10-05 11:43:01,IP Address,24.154.43.118,100,148,True,2018-10-05 11:43:01,R_WeTTsJcE8CePpLj,,,,,39.6717071533203125,-76.05460357666015625,anonymous,EN,62,62,38,56,20,20,15,25,59,38,80,75,95,51,69,Female,39,Republican,21911,"drink coffee,cook at home,go to the gym,drive to work",thanks,98678534
2018-10-05 11:40:25,2018-10-05 11:43:04,IP Address,107.172.168.133,100,159,True,2018-10-05 11:43:04,R_3M5SK884bOxsISO,,,,,42.8863983154296875,-78.8780975341796875,anonymous,EN,83,76,80,68,63,58,61,80,69,91,61,79,72,82,83,Female,28,Republican,10011,"drink coffee,go to the gym",,72023530
2018-10-05 11:40:42,2018-10-05 11:43:08,IP Address,205.197.219.74,100,145,True,2018-10-05 11:43:09,R_31GAKJmSBTdYsNg,,,,,39.9976043701171875,-111.81420135498046875,anonymous,EN,41,55,30,70,24,15,24,19,20,54,70,60,75,21,36,Female,35,Republican,84655,"drink coffee,cook at home,go to the gym,drive to work,read newspapers",,68237067
2018-10-05 11:41:04,2018-10-05 11:43:10,IP Address,73.85.107.214,100,126,True,2018-10-05 11:43:11,R_C9SDAJo8SHAkM7L,,,,,25.5973968505859375,-80.40309906005859375,anonymous,EN,34,38,27,65,33,36,4,12,21,60,65,67,68,47,68,Male,26,Democrat,33186,"drink coffee,cook at home,go to the gym,drive to work",,84583955
2018-10-05 11:41:01,2018-10-05 11:43:11,IP Address,107.223.28.240,100,130,True,2018-10-05 11:43:11,R_ZIz0gQrs9VT1ylX,,,,,36.064300537109375,-87.43019866943359375,anonymous,EN,61,21,56,81,18,30,5,8,19,16,70,27,87,13,82,Other/Non-conforming,26,Democrat,37055,"drink coffee,cook at home,go to the gym,drive to work",,69511851
2018-10-05 11:40:28,2018-10-05 11:43:11,IP Address,208.107.114.192,100,163,True,2018-10-05 11:43:11,R_1OxXrWSxSF1Jayt,,,,,44.0260009765625,-103.07550048828125,anonymous,EN,43,60,56,83,32,41,20,38,41,43,79,63,84,68,67,Male,46,Independent,57701,"drink coffee,cook at home,go to the gym,drive to work",,68585140
2018-10-05 11:40:58,2018-10-05 11:43:13,IP Address,67.51.218.132,100,135,True,2018-10-05 11:43:14,R_1d5ACAW3dRsWMtY,,,,,47.390899658203125,-122.263702392578125,anonymous,EN,50,30,35,80,10,35,10,10,35,25,90,90,80,25,80,Male,40,Independent,98271,"drink coffee,cook at home,go to the gym,drive to work",,79789435
2018-10-05 11:40:48,2018-10-05 11:43:14,IP Address,65.196.142.38,100,145,True,2018-10-05 11:43:14,R_2uTH4M2CBzavmLG,,,,,30.279296875,-81.5850982666015625,anonymous,EN,57,56,19,78,7,13,7,12,25,26,85,50,86,31,60,Male,50,Independent,32225,"drink coffee,cook at home,go to the gym,drive to work",,64058262
2018-10-05 11:41:05,2018-10-05 11:43:15,IP Address,75.165.11.175,100,129,True,2018-10-05 11:43:15,R_3EGy5sHGZfMIoZS,,,,,40.3159942626953125,-77.32689666748046875,anonymous,EN,35,75,38,76,12,32,34,20,44,30,89,65,95,60,77,Female,37,Republican,17011,"drink coffee,cook at home,go to the gym,drive to work",,10501027
2018-10-05 11:40:41,2018-10-05 11:43:15,IP Address,71.211.188.165,100,154,True,2018-10-05 11:43:15,R_Om9dy0v0rTCGNQl,,,,,39.9535064697265625,-104.90509796142578125,anonymous,EN,75,75,55,75,30,25,25,35,40,30,95,85,70,60,80,Male,20,Republican,80027,"drink coffee,cook at home,go to the gym,drive to work",,78841231
2018-10-05 11:40:52,2018-10-05 11:43:15,IP Address,67.87.235.26,100,143,True,2018-10-05 11:43:15,R_3OeTorX4kEmQJID,,,,,40.83929443359375,-73.27970123291015625,anonymous,EN,50,30,30,75,20,20,10,10,15,65,60,60,70,70,85,Female,34,Democrat,11725,"drink coffee,cook at home,go to the gym,drive to work",,78636079
2018-10-05 11:40:46,2018-10-05 11:43:15,IP Address,47.154.2.212,100,149,True,2018-10-05 11:43:16,R_po8Ucxpzsukgzuh,,,,,33.747406005859375,-117.993896484375,anonymous,EN,51,72,23,68,18,32,40,24,25,75,89,77,62,32,82,Male,39,Democrat,92683,"drink coffee,cook at home,go to the gym,drive to work",,22382906
2018-10-05 11:40:54,2018-10-05 11:43:16,IP Address,173.22.6.76,100,142,True,2018-10-05 11:43:16,R_24iv1mCphBVvwjm,,,,,44.3341064453125,-94.06169891357421875,anonymous,EN,50,45,30,60,10,13,20,20,60,20,70,85,90,15,45,Male,44,Independent,56082,"drink coffee,cook at home,go to the gym,drive to work",,29025044
2018-10-05 11:41:10,2018-10-05 11:43:20,IP Address,173.49.100.58,100,129,True,2018-10-05 11:43:20,R_25zuQ5CsE9PPGnS,,,,,40.326507568359375,-75.36969757080078125,anonymous,EN,33,26,32,50,11,6,14,7,51,50,78,90,62,26,75,Male,44,Independent,19703,"drink coffee,cook at home,go to the gym,drive to work",,47643381
2018-10-05 11:40:38,2018-10-05 11:43:22,IP Address,24.180.136.192,100,163,True,2018-10-05 11:43:22,R_3n72hdQcwse6VYH,,,,,43.20880126953125,-85.26650238037109375,anonymous,EN,29,50,26,32,15,25,12,9,25,62,80,83,89,20,60,Male,37,Democrat,48838,"drink coffee,cook at home,go to the gym,drive to work",No comments other than this was a lot of fun!  Thank you!,74866742
2018-10-05 11:40:44,2018-10-05 11:43:22,IP Address,68.188.167.211,100,158,True,2018-10-05 11:43:22,R_1oI0PvAbkPxEUFP,,,,,43.0442962646484375,-83.51920318603515625,anonymous,EN,50,33,12,20,40,15,4,21,15,10,70,75,81,9,76,Female,28,Democrat,48706,"drink coffee,cook at home,go to the gym,drive to work",,44581650
2018-10-05 11:40:42,2018-10-05 11:43:27,IP Address,173.233.1.67,100,164,True,2018-10-05 11:43:28,R_RJ19r52mJuK18wF,,,,,40.6421051025390625,-79.9445037841796875,anonymous,EN,33,40,35,40,8,35,20,10,19,16,71,78,89,15,59,Male,42,Democrat,16055,"drink coffee,cook at home,go to the gym,drive to work",,26499544
2018-10-05 11:40:59,2018-10-05 11:43:27,IP Address,24.115.150.27,100,148,True,2018-10-05 11:43:28,R_2upTBjcU0iQRQHB,,,,,41.071502685546875,-75.12779998779296875,anonymous,EN,60,45,40,65,20,33,16,6,24,10,80,70,70,28,71,Male,27,Democrat,18330,"drink coffee,cook at home,go to the gym,drive to work",,53562155
2018-10-05 11:41:37,2018-10-05 11:43:31,IP Address,173.89.228.75,100,114,True,2018-10-05 11:43:32,R_1GPwLiyCy2izZEt,,,,,41.2292022705078125,-80.42440032958984375,anonymous,EN,40,49,29,42,26,17,8,30,35,33,80,64,65,41,86,Male,30,Democrat,16148,"drink coffee,cook at home,go to the gym,drive to work",,46921215
2018-10-05 11:40:32,2018-10-05 11:43:38,IP Address,73.230.121.97,100,186,True,2018-10-05 11:43:39,R_3NUPdm5VtfhkQUM,,,,,40.7848968505859375,-77.8470001220703125,anonymous,EN,43,59,18,28,4,25,17,6,7,7,89,96,92,3,60,Male,59,Independent,16823,"drink coffee,cook at home,go to the gym,drive to work",,57021293
2018-10-05 11:41:53,2018-10-05 11:43:44,IP Address,76.23.61.247,100,111,True,2018-10-05 11:43:44,R_10oOxJU3dpOkNxf,,,,,40.587005615234375,-111.98780059814453125,anonymous,EN,69,54,20,75,14,14,9,20,35,50,85,90,85,20,65,Male,38,Democrat,84074,"drink coffee,cook at home,go to the gym,drive to work",,62807234
2018-10-05 11:41:12,2018-10-05 11:43:45,IP Address,71.172.3.165,100,152,True,2018-10-05 11:43:46,R_116GqLAL3f8J7jl,,,,,40.855499267578125,-74.126800537109375,anonymous,EN,75,40,20,70,25,60,20,25,25,35,50,85,70,35,65,Male,25,Republican,07013,"drink coffee,cook at home,go to the gym,drive to work",,59468330
2018-10-05 11:40:59,2018-10-05 11:43:45,IP Address,76.6.69.27,100,166,True,2018-10-05 11:43:46,R_2QJqaL7lxYeAcCW,,,,,32.299896240234375,-95.59980010986328125,anonymous,EN,60,49,11,30,9,27,20,16,14,10,75,51,75,21,60,Female,41,Republican,77486,"drink coffee,cook at home,go to the gym,drive to work",,45923338
2018-10-05 11:40:34,2018-10-05 11:43:46,IP Address,68.111.198.189,100,191,True,2018-10-05 11:43:46,R_qL15hUNlG8h7nd7,,,,,33.09100341796875,-116.9416046142578125,anonymous,EN,55,25,40,35,20,25,30,10,25,10,70,60,40,20,60,Female,46,Democrat,92026,"drink coffee,cook at home,go to the gym,drive to work",,32165373
2018-10-05 11:41:04,2018-10-05 11:43:47,IP Address,174.104.242.40,100,163,True,2018-10-05 11:43:48,R_3hyc6orasYtsTvH,,,,,41.364898681640625,-82.11499786376953125,anonymous,EN,70,75,45,90,50,50,40,40,55,90,65,85,70,50,75,Female,42,Democrat,44035,"drink coffee,cook at home,go to the gym,drive to work",,10550537
2018-10-05 11:40:54,2018-10-05 11:43:50,IP Address,24.211.26.202,100,175,True,2018-10-05 11:43:50,R_3j9Dq0XGeNmT6LA,,,,,43.131103515625,-88.33589935302734375,anonymous,EN,25,33,33,60,5,15,10,10,20,15,85,20,90,10,97,Male,34,Independent,53029,"drink coffee,cook at home,go to the gym,drive to work",N/A,31159612
2018-10-05 11:40:46,2018-10-05 11:43:52,IP Address,208.66.15.250,100,185,True,2018-10-05 11:43:52,R_3JgGnIhQDEyfyu7,,,,,36.363800048828125,-116.15000152587890625,anonymous,EN,70,62,27,31,9,8,33,7,11,18,63,80,69,22,61,Female,60,Independent,89048,"drink coffee,cook at home,go to the gym,drive to work",,62070804
2018-10-05 11:40:56,2018-10-05 11:43:53,IP Address,47.204.234.67,100,176,True,2018-10-05 11:43:53,R_3Hh5p0OnIxxTRUv,,,,,28.1360015869140625,-82.447601318359375,anonymous,EN,46,37,35,80,8,65,47,7,13,60,30,85,75,19,66,Male,37,Democrat,33549,"drink coffee,cook at home,go to the gym,drive to work",,50073748
2018-10-05 11:41:14,2018-10-05 11:43:54,IP Address,72.196.212.142,100,160,True,2018-10-05 11:43:54,R_ahqHRJcO30Gtp29,,,,,38.926605224609375,-77.3936004638671875,anonymous,EN,30,50,40,80,15,20,30,15,20,35,75,90,85,20,50,Female,34,Democrat,20121,"drink coffee,cook at home,go to the gym,drive to work",,46099123
2018-10-05 11:41:28,2018-10-05 11:43:54,IP Address,97.75.248.100,100,146,True,2018-10-05 11:43:54,R_DBuyicSfBaXd9XH,,,,,36.6934967041015625,-94.1454010009765625,anonymous,EN,30,70,25,60,10,10,25,10,20,65,90,70,80,40,80,Female,55,Republican,64867,"drink coffee,cook at home,go to the gym,drive to work,read newspapers",,54817620
2018-10-05 11:42:33,2018-10-05 11:43:57,IP Address,173.12.215.193,100,83,True,2018-10-05 11:43:57,R_2X0703h1BDsjnV9,,,,,28.94000244140625,-81.9897003173828125,anonymous,EN,51,35,37,63,23,16,8,15,7,55,83,74,45,15,73,Female,24,Independent,34748,"drink coffee,cook at home,go to the gym,drive to work",,58773182
2018-10-05 11:40:34,2018-10-05 11:44:00,IP Address,170.253.153.206,100,205,True,2018-10-05 11:44:00,R_3j7gLfhV8CRn7PP,,,,,33.4259033203125,-88.83029937744140625,anonymous,EN,22,40,30,40,39,43,27,28,32,40,76,62,62,38,63,Female,31,Democrat,39773,"drink coffee,cook at home,go to the gym,drive to work",,60955752
2018-10-05 11:40:51,2018-10-05 11:44:01,IP Address,82.102.30.43,100,190,True,2018-10-05 11:44:02,R_1IXjmrQMVuU11d0,,,,,36.1750030517578125,-115.13719940185546875,anonymous,EN,60,19,31,57,20,23,25,2,5,50,30,77,70,16,59,Male,32,Democrat,44240,"drink coffee,cook at home,go to the gym,drive to work",,50654975
2018-10-05 11:41:04,2018-10-05 11:44:02,IP Address,68.204.211.148,100,178,True,2018-10-05 11:44:03,R_Ab0i9T1WkmX6hm9,,,,,28.6024017333984375,-81.3589019775390625,anonymous,EN,55,37,24,55,16,16,23,19,41,21,69,90,74,33,74,Female,57,Democrat,32789,"drink coffee,cook at home,go to the gym,drive to work",,88712538
2018-10-05 11:40:47,2018-10-05 11:44:03,IP Address,174.205.18.207,100,195,True,2018-10-05 11:44:03,R_3HzRmTvOC0FzjOB,,,,,38.9369964599609375,-76.99340057373046875,anonymous,EN,40,32,60,75,8,15,15,10,20,50,60,66,76,60,75,Male,24,Republican,21230,"drink coffee,cook at home,go to the gym,drive to work",,55399227
2018-10-05 11:41:55,2018-10-05 11:44:04,IP Address,108.4.20.27,100,128,True,2018-10-05 11:44:04,R_yWorWEtre1ZewDL,,,,,37.5023040771484375,-77.56929779052734375,anonymous,EN,50,30,30,40,40,30,40,36,35,40,60,90,86,75,80,Female,30,Independent,23860,"drink coffee,cook at home,go to the gym,drive to work",,67173819
2018-10-05 11:41:05,2018-10-05 11:44:06,IP Address,184.158.54.107,100,180,True,2018-10-05 11:44:07,R_2dyJtHBUUCDJJ7p,,,,,43.9102020263671875,-91.24320220947265625,anonymous,EN,79,50,34,80,45,22,37,25,15,32,80,68,80,27,75,Female,59,Independent,54653,"drink coffee,cook at home,go to the gym,drive to work",None today. :o),34075061
2018-10-05 11:40:36,2018-10-05 11:44:07,IP Address,192.3.231.20,100,210,True,2018-10-05 11:44:07,R_1ib4QbntcMxlPyp,,,,,42.8863983154296875,-78.8780975341796875,anonymous,EN,13,56,29,64,54,32,31,26,37,17,63,77,31,24,55,Female,33,Democrat,03109,"drink coffee,cook at home,go to the gym,drive to work,read newspapers",,57600115
2018-10-05 11:41:03,2018-10-05 11:44:12,IP Address,104.11.61.83,100,188,True,2018-10-05 11:44:12,R_2yjRoFAwDz1IZzM,,,,,37.9181060791015625,-122.0735015869140625,anonymous,EN,70,40,35,95,25,4,65,15,20,35,75,90,75,25,70,Male,52,Democrat,94598,"drink coffee,cook at home,go to the gym,drive to work",Thanks for the opportunity to participate and good luck with your research!,72214733
2018-10-05 11:42:23,2018-10-05 11:44:14,IP Address,70.176.4.129,100,110,True,2018-10-05 11:44:14,R_2A0QL6cohjkHUB0,,,,,33.6573944091796875,-112.24629974365234375,anonymous,EN,75,54,21,52,20,45,32,13,23,20,83,78,68,37,81,Female,55,Democrat,85381,"drink coffee,cook at home,go to the gym,drive to work",,38040285
2018-10-05 11:41:20,2018-10-05 11:44:15,IP Address,159.118.91.49,100,175,True,2018-10-05 11:44:15,R_OGMAXt6W14rgg93,,,,,33.756805419921875,-90.72969818115234375,anonymous,EN,40,70,40,30,20,60,10,20,20,40,60,70,60,50,80,Female,32,Democrat,38732,"drink coffee,cook at home,go to the gym,drive to work",,12318070
2018-10-05 11:42:38,2018-10-05 11:44:20,IP Address,12.233.24.130,100,101,True,2018-10-05 11:44:20,R_7ZCEAso8993oESt,,,,,37.751007080078125,-97.82199859619140625,anonymous,EN,50,44,28,45,25,33,15,8,18,9,74,78,78,31,53,Male,39,Democrat,49417,"drink coffee,cook at home,go to the gym,drive to work",,35348795
2018-10-05 11:41:41,2018-10-05 11:44:24,IP Address,67.85.63.137,100,162,True,2018-10-05 11:44:24,R_31abB9WU6F6ITL0,,,,,40.6808929443359375,-73.94629669189453125,anonymous,EN,64,14,70,78,38,71,14,43,30,28,81,49,37,50,83,Male,34,Independent,11216,"drink coffee,cook at home,go to the gym,drive to work,read newspapers",,61891225
2018-10-05 11:41:59,2018-10-05 11:44:30,IP Address,68.53.42.126,100,150,True,2018-10-05 11:44:30,R_2uVEcznDzxuovQN,,,,,35.8455963134765625,-86.39029693603515625,anonymous,EN,60,14,17,74,3,25,10,5,7,13,67,68,84,29,69,Male,33,Democrat,37086,"drink coffee,cook at home,go to the gym,drive to work",,61082425
2018-10-05 11:42:53,2018-10-05 11:44:32,IP Address,147.197.251.156,100,99,True,2018-10-05 11:44:33,R_3BDXmypFG5xuNl7,,,,,51.763397216796875,-0.2241973876953125,anonymous,EN,53,44,70,89,34,61,82,21,4,10,89,64,57,20,75,Female,20,Democrat,92064,"drink coffee,cook at home,go to the gym,drive to work,read newspapers,go to the movies",,98187027
2018-10-05 11:42:28,2018-10-05 11:44:34,IP Address,71.229.5.229,100,125,True,2018-10-05 11:44:34,R_1E3PgKnfkUC7omN,,,,,30.52520751953125,-84.33209991455078125,anonymous,EN,45,45,36,61,15,8,29,7,17,18,44,78,88,29,57,Male,36,Democrat,32308,"drink coffee,cook at home,go to the gym,drive to work",,80477963
2018-10-05 11:42:44,2018-10-05 11:44:37,IP Address,24.4.5.153,100,112,True,2018-10-05 11:44:37,R_21HQnc0qMotYrqM,,,,,37.35009765625,-121.9853973388671875,anonymous,EN,40,30,40,90,15,43,85,10,30,37,80,60,95,15,70,Male,24,Democrat,95054,"drink coffee,cook at home,go to the gym,drive to work",,70886365
2018-10-05 11:40:29,2018-10-05 11:44:38,IP Address,216.237.229.83,100,248,True,2018-10-05 11:44:38,R_1rB7EsDgR7Ox84T,,,,,35.9951934814453125,-79.9293975830078125,anonymous,EN,24,71,40,74,53,38,11,46,38,43,83,80,63,39,56,Male,23,Other,27260,"drink coffee,cook at home,go to the gym,drive to work,watch TV",,50356011
2018-10-05 11:40:58,2018-10-05 11:44:40,IP Address,68.194.80.47,100,222,True,2018-10-05 11:44:40,R_9HUfkP9q1s6oCCR,,,,,40.675994873046875,-73.92060089111328125,anonymous,EN,50,40,35,70,30,40,20,15,70,50,60,60,90,25,60,Male,30,Democrat,11216,"drink coffee,cook at home,go to the gym,drive to work",,33909566
2018-10-05 11:42:43,2018-10-05 11:44:45,IP Address,96.69.151.57,100,121,True,2018-10-05 11:44:45,R_3JEJh4Pouo6UkJL,,,,,39.742706298828125,-105.1186981201171875,anonymous,EN,45,39,60,79,30,31,30,21,20,28,53,70,58,32,46,Male,30,Independent,80234,"watch TV,read newspapers,go to the movies,go to bars",,97019482
2018-10-05 11:42:13,2018-10-05 11:44:49,IP Address,67.10.52.16,100,155,True,2018-10-05 11:44:49,R_024OsuOMzQqqLn3,,,,,25.9759979248046875,-97.54199981689453125,anonymous,EN,52,42,19,69,13,34,41,12,18,22,77,73,77,18,83,Female,68,Democrat,78520,"drink coffee,cook at home,go to the gym,drive to work",,83969094
2018-10-05 11:41:31,2018-10-05 11:44:52,IP Address,65.79.144.190,100,201,True,2018-10-05 11:44:52,R_BrDqGDmxd3TERFf,,,,,41.95599365234375,-87.66069793701171875,anonymous,EN,32,54,43,62,26,27,54,16,29,36,57,93,76,21,73,Male,69,Independent,60613,"drink coffee,cook at home,go to the gym,drive to work",,98896827
2018-10-05 11:43:14,2018-10-05 11:44:52,IP Address,66.169.55.216,100,97,True,2018-10-05 11:44:52,R_31zJlB4SwmbDLix,,,,,34.931793212890625,-82.01020050048828125,anonymous,EN,50,45,50,81,22,25,31,40,40,41,79,85,75,50,79,Female,31,Democrat,29307,"drink coffee,cook at home,go to the gym,drive to work",,26961612
2018-10-05 11:41:32,2018-10-05 11:44:53,IP Address,24.47.213.31,100,200,True,2018-10-05 11:44:53,R_1BQxJwu4jpNS4Db,,,,,40.9272003173828125,-74.30390167236328125,anonymous,EN,18,47,9,8,8,16,3,8,18,16,78,88,74,12,60,Male,68,Republican,07470,"watch TV,read newspapers,go to the movies,go to bars",NO,18668213
2018-10-05 11:43:23,2018-10-05 11:44:57,IP Address,104.175.53.164,100,94,True,2018-10-05 11:44:57,R_2cBZaVSXSEDYNum,,,,,34.059906005859375,-118.310302734375,anonymous,EN,66,53,52,83,5,16,18,9,20,36,65,49,89,27,75,Female,25,Independent,90036,"drink coffee,cook at home,go to the gym,drive to work",,15213817
2018-10-05 11:41:23,2018-10-05 11:44:59,IP Address,172.114.100.24,100,215,True,2018-10-05 11:44:59,R_1dpjv9Q2TASQexl,,,,,34.2572021484375,-118.41949462890625,anonymous,EN,35,20,30,65,25,30,30,11,20,20,60,65,55,30,45,Male,31,Independent,91402,"drink coffee,cook at home,go to the gym,drive to work",I enjoyed the study.,96206925
2018-10-05 11:43:07,2018-10-05 11:45:01,IP Address,99.203.31.136,100,114,True,2018-10-05 11:45:01,R_2YG0XFUNTZf9I01,,,,,25.9387969970703125,-80.2144012451171875,anonymous,EN,50,35,10,60,44,20,9,46,40,44,85,24,58,43,70,Female,35,Independent,32301,"drink coffee,cook at home,go to the gym,drive to work",,86607687
2018-10-05 11:42:12,2018-10-05 11:45:03,IP Address,108.244.83.203,100,170,True,2018-10-05 11:45:03,R_a99tPR0XVildPxL,,,,,32.8813018798828125,-97.3621978759765625,anonymous,EN,40,22,30,65,25,30,25,15,33,55,60,75,40,25,40,Male,38,Democrat,76137,"drink coffee,cook at home,go to the gym,drive to work",was interesting thanks for the opportunity,95273599
2018-10-05 11:42:49,2018-10-05 11:45:04,IP Address,173.215.15.248,100,134,True,2018-10-05 11:45:04,R_3j26jT3v5H5mQv2,,,,,42.007293701171875,-92.0767974853515625,anonymous,EN,32,59,34,74,25,37,30,10,15,11,71,55,77,48,80,Female,48,Republican,52346,"drink coffee,cook at home,go to the gym,drive to work",,22736484
2018-10-05 11:41:20,2018-10-05 11:45:05,IP Address,174.104.13.169,100,224,True,2018-10-05 11:45:05,R_1NnzIoH8iheNm0q,,,,,40.8350067138671875,-81.3347015380859375,anonymous,EN,47,69,37,59,24,35,30,43,33,30,49,76,65,33,64,Male,68,Republican,44703,"drink coffee,cook at home,go to the gym,drive to work",good survey thanks,96854885
2018-10-05 11:41:20,2018-10-05 11:45:17,IP Address,190.124.31.91,100,236,True,2018-10-05 11:45:17,R_2Bb9EZrKx5hf9Nh,,,,,8,-66,anonymous,EN,62,87,37,5,57,60,23,40,40,82,76,4,64,53,93,Female,30,Republican,33032,"drink coffee,cook at home,go to the gym,drive to work",very good,69558010
2018-10-05 11:43:43,2018-10-05 11:45:18,IP Address,72.74.16.102,100,95,True,2018-10-05 11:45:19,R_3DBrYJAm3nS7Vmx,,,,,42.7324066162109375,-71.1862030029296875,anonymous,EN,50,40,50,75,50,20,30,30,30,30,60,95,80,40,75,Female,26,Democrat,01844,"drink coffee,cook at home,go to the gym,drive to work",,62457321
2018-10-05 11:41:40,2018-10-05 11:45:19,IP Address,107.208.243.132,100,219,True,2018-10-05 11:45:19,R_2Bxj1U119pgIIcp,,,,,31.8545074462890625,-106.53299713134765625,anonymous,EN,84,77,58,79,46,45,55,78,79,75,100,79,73,81,73,Male,69,Democrat,79912,drive to work,Very Engaging,97815921
2018-10-05 11:42:21,2018-10-05 11:45:20,IP Address,76.113.99.214,100,178,True,2018-10-05 11:45:20,R_2WYCASlz8RPRPzp,,,,,32.247100830078125,-106.8231964111328125,anonymous,EN,35,20,25,75,35,40,15,26,20,30,85,45,70,31,80,Female,27,Independent,88007,"drink coffee,cook at home,go to the gym,drive to work",,16439387
2018-10-05 11:43:13,2018-10-05 11:45:22,IP Address,131.212.251.227,100,129,True,2018-10-05 11:45:22,R_5nflOmbQpN3C1lD,,,,,44.9759063720703125,-93.2165985107421875,anonymous,EN,50,40,30,60,10,25,3,5,10,10,66,95,85,25,55,Female,40,Democrat,55419,"drink coffee,cook at home,go to the gym,drive to work",,31990914
2018-10-05 11:40:56,2018-10-05 11:45:23,IP Address,67.189.45.48,100,266,True,2018-10-05 11:45:23,R_1g0DeleWoR7Hfy9,,,,,44.1027069091796875,-123.13410186767578125,anonymous,EN,56,40,48,73,25,25,20,10,37,27,82,80,70,35,70,Female,29,Independent,97405,"drink coffee,cook at home,go to the gym,drive to work",,29143981
2018-10-05 11:41:02,2018-10-05 11:45:24,IP Address,67.175.66.173,100,261,True,2018-10-05 11:45:24,R_2rvAbUM0acgAMkl,,,,,41.9351959228515625,-88.29090118408203125,anonymous,EN,60,60,70,65,30,25,15,5,30,15,80,70,90,20,75,Male,28,Democrat,60555,"drink coffee,cook at home,go to the gym,drive to work",,82543460
2018-10-05 11:42:02,2018-10-05 11:45:28,IP Address,198.96.95.155,100,206,True,2018-10-05 11:45:29,R_XuDzcyzwGHWciA1,,,,,32.8148040771484375,-96.8704986572265625,anonymous,EN,78,83,69,85,60,80,72,74,66,85,80,80,70,73,90,Male,28,Republican,11235,cook at home,,27205734
2018-10-05 11:43:53,2018-10-05 11:45:29,IP Address,68.6.116.2,100,95,True,2018-10-05 11:45:29,R_Y5e6oGXEEo1X9VT,,,,,34.018402099609375,-119.7252044677734375,anonymous,EN,55,45,53,72,15,23,49,19,44,21,69,52,91,42,63,Male,32,Democrat,92507,"drink coffee,cook at home,go to the gym,drive to work",,30304247
2018-10-05 11:40:20,2018-10-05 11:45:32,IP Address,157.182.121.252,100,312,True,2018-10-05 11:45:33,R_2WSyxRGOFRMUFB3,,,,,39.645599365234375,-79.94329833984375,anonymous,EN,40,30,31,61,12,13,11,17,34,20,84,62,70,37,56,Female,27,Democrat,26505,"drink coffee,cook at home,go to the gym,drive to work,read newspapers",,85681948
2018-10-05 11:43:08,2018-10-05 11:45:34,IP Address,65.186.20.223,100,145,True,2018-10-05 11:45:34,R_qFxVSwDXDU2iK7D,,,,,39.96710205078125,-83.76940155029296875,anonymous,EN,15,40,15,60,5,30,3,5,10,30,80,85,95,10,90,Male,36,Republican,45505,"drink coffee,cook at home,go to the gym,drive to work",Thanks.,17303649
2018-10-05 11:43:06,2018-10-05 11:45:39,IP Address,107.77.218.90,100,152,True,2018-10-05 11:45:39,R_2DSOfIzE1BsV9Rk,,,,,29.7527008056640625,-95.4098968505859375,anonymous,EN,56,35,42,38,11,15,23,20,35,30,82,90,91,31,76,Male,26,Democrat,77418,"drink coffee,cook at home,go to the gym,drive to work",,12062499
2018-10-05 11:41:28,2018-10-05 11:45:39,IP Address,47.210.3.243,100,250,True,2018-10-05 11:45:40,R_3q9dTdf2pcmtXOb,,,,,32.5695037841796875,-93.69229888916015625,anonymous,EN,40,30,15,25,10,15,15,10,15,3,80,95,78,9,35,Male,56,Republican,71112,"drink coffee,cook at home,go to the gym,drive to work",,57655392
2018-10-05 11:42:58,2018-10-05 11:45:40,IP Address,73.36.75.94,100,161,True,2018-10-05 11:45:40,R_1ffIvNYXQgRTmyj,,,,,41.824798583984375,-89.732696533203125,anonymous,EN,60,35,20,90,4,15,5,3,31,12,87,85,87,28,60,Male,38,Democrat,61021,"drink coffee,cook at home,go to the gym,drive to work",,52257315
2018-10-05 11:41:33,2018-10-05 11:45:41,IP Address,67.181.174.153,100,247,True,2018-10-05 11:45:41,R_2ZBppX4x7vMdKXf,,,,,38.5377960205078125,-121.4459991455078125,anonymous,EN,38,12,22,26,28,28,23,15,11,32,48,99,59,24,37,Male,22,Democrat,95826,"cook at home,go to the gym,watch TV,read newspapers,go to the movies",,30746761
2018-10-05 11:43:01,2018-10-05 11:45:42,IP Address,174.230.169.26,100,160,True,2018-10-05 11:45:42,R_2QVxvX7HmkiEaRD,,,,,42.697296142578125,-84.53029632568359375,anonymous,EN,57,62,25,80,40,30,25,20,35,21,75,90,81,27,66,Female,31,Other,49058,"drink coffee,cook at home,go to the gym,drive to work",,33680700
2018-10-05 11:43:45,2018-10-05 11:45:44,IP Address,47.184.146.229,100,118,True,2018-10-05 11:45:44,R_xymwJZKZFJUMPip,,,,,32.9579010009765625,-96.62359619140625,anonymous,EN,49,23,40,47,17,19,14,12,15,26,62,57,66,32,71,Male,40,Independent,75201,"drink coffee,cook at home,go to the gym,drive to work",,43199545
2018-10-05 11:43:44,2018-10-05 11:45:46,IP Address,68.96.169.162,100,122,True,2018-10-05 11:45:47,R_4PjF9HcptyBQqIx,,,,,36.234893798828125,-115.290496826171875,anonymous,EN,48,46,51,60,33,26,14,23,21,40,72,55,45,43,76,Male,31,Democrat,89130,"drink coffee,cook at home,go to the gym,drive to work",no comment,64737905
2018-10-05 11:44:16,2018-10-05 11:45:52,IP Address,198.153.225.230,100,95,True,2018-10-05 11:45:53,R_1Cs8wH97FL8MbAZ,,,,,41.92059326171875,-87.70169830322265625,anonymous,EN,44,42,54,78,13,24,25,38,11,39,60,83,70,34,62,Male,39,Republican,60169,"drink coffee,cook at home,go to the gym,drive to work",,39566923
2018-10-05 11:42:45,2018-10-05 11:45:53,IP Address,68.188.167.211,100,187,True,2018-10-05 11:45:53,R_ezYFknzs9IubJi9,,,,,43.0442962646484375,-83.51920318603515625,anonymous,EN,50,26,20,64,17,60,8,32,23,20,75,58,70,31,65,Male,35,Democrat,48706,"drink coffee,cook at home,go to the gym,drive to work",Thanks for letting me participate.,19299914
2018-10-05 11:41:12,2018-10-05 11:45:56,IP Address,73.121.39.251,100,283,True,2018-10-05 11:45:56,R_3RlVtdbYMbHgX2j,,,,,35.9723968505859375,-84.29039764404296875,anonymous,EN,50,50,40,45,35,40,15,25,30,35,70,90,80,40,60,Male,37,Democrat,37830,"drink coffee,cook at home,go to the gym,drive to work","Everything worked fine, no problems. Have a good day!",65827765
2018-10-05 11:44:21,2018-10-05 11:45:56,IP Address,209.12.233.137,100,95,True,2018-10-05 11:45:56,R_2QxgYkY9OSFqZ8d,,,,,30.1374969482421875,-93.45290374755859375,anonymous,EN,65,28,46,64,31,34,14,24,30,50,69,44,45,28,58,Male,27,Independent,76001,"watch TV,read newspapers,go to the movies",,14250182
2018-10-05 11:41:46,2018-10-05 11:46:00,IP Address,67.223.13.12,100,253,True,2018-10-05 11:46:00,R_Y9sz3sZqVzgz8el,,,,,36.5406036376953125,-82.17569732666015625,anonymous,EN,65,60,25,60,10,25,10,15,15,10,75,86,85,30,70,Female,40,Independent,37620,"drink coffee,cook at home,go to the gym,drive to work,read newspapers",,18936293
2018-10-05 11:44:39,2018-10-05 11:46:01,IP Address,71.194.50.48,100,82,True,2018-10-05 11:46:02,R_1N8NgXvFYHIMtMW,,,,,42.3594970703125,-88.27339935302734375,anonymous,EN,35,32,42,89,15,24,38,8,8,63,72,79,72,31,73,Female,40,Democrat,60050,"drink coffee,cook at home,go to the gym,drive to work",,87746831
2018-10-05 11:43:30,2018-10-05 11:46:03,IP Address,70.185.239.116,100,153,True,2018-10-05 11:46:03,R_33iZTiGdsUcJBDQ,,,,,36.09710693359375,-95.96269989013671875,anonymous,EN,56,45,35,80,11,16,21,15,17,28,76,53,60,21,60,Female,32,Republican,44313,"drink coffee,cook at home,go to the gym,drive to work",,85807493
2018-10-05 11:42:49,2018-10-05 11:46:04,IP Address,76.177.111.57,100,194,True,2018-10-05 11:46:05,R_2Y5LW7qOCZhY6ci,,,,,37.968505859375,-84.14600372314453125,anonymous,EN,28,26,41,80,17,31,16,13,6,50,40,78,73,48,55,Female,63,Republican,40391,"drink coffee,cook at home,go to the gym,drive to work",,59713796
2018-10-05 11:44:09,2018-10-05 11:46:05,IP Address,98.127.106.159,100,115,True,2018-10-05 11:46:05,R_1rxhwHNsvtr12GK,,,,,39.12640380859375,-108.5363006591796875,anonymous,EN,52,40,30,84,20,17,19,15,28,26,80,90,83,31,87,Female,42,Independent,81501,"drink coffee,cook at home,go to the gym,drive to work",,76754719
2018-10-05 11:43:56,2018-10-05 11:46:05,IP Address,68.199.29.126,100,129,True,2018-10-05 11:46:06,R_1cYSd24TsUsJ649,,,,,40.670501708984375,-74.1063995361328125,anonymous,EN,68,27,50,28,25,30,97,10,3,52,62,82,38,17,73,Female,29,Democrat,07002,"drink coffee,cook at home,go to the gym,drive to work,read newspapers",,85075536
2018-10-05 11:40:39,2018-10-05 11:46:06,IP Address,12.4.5.125,100,327,True,2018-10-05 11:46:06,R_DUJAtde0QbqCrZv,,,,,33.918792724609375,-84.06780242919921875,anonymous,EN,57,66,62,88,31,43,2,7,5,8,54,65,64,22,75,Male,26,Democrat,30043,"drink coffee,cook at home,go to the gym,drive to work",,32775033
2018-10-05 11:41:40,2018-10-05 11:46:11,IP Address,196.17.224.229,100,270,True,2018-10-05 11:46:11,R_1pFPyhJwva16QZs,,,,,39.099700927734375,-94.5785980224609375,anonymous,EN,72,93,81,55,61,80,52,86,94,76,44,86,54,100,62,Female,29,Democrat,90001,"go to the gym,drive to work,watch TV",,78166621
2018-10-05 11:43:21,2018-10-05 11:46:13,IP Address,75.90.197.247,100,172,True,2018-10-05 11:46:14,R_1C90l9frauL53pO,,,,,38.3050994873046875,-83.16809844970703125,anonymous,EN,44,60,41,80,30,32,25,35,56,44,95,79,74,49,92,Male,28,Democrat,41168,"drink coffee,cook at home,go to the gym,drive to work,watch TV",,43127615
2018-10-05 11:43:19,2018-10-05 11:46:21,IP Address,71.238.46.101,100,182,True,2018-10-05 11:46:22,R_2v6XtDbFnwoTaOV,,,,,44.9022979736328125,-123.06620025634765625,anonymous,EN,70,40,60,80,15,20,50,10,40,60,75,85,90,20,90,Male,29,Democrat,97111,"drink coffee,cook at home,go to the gym,drive to work",,27587892
2018-10-05 11:44:50,2018-10-05 11:46:47,IP Address,173.27.185.86,100,116,True,2018-10-05 11:46:47,R_3imO3YSD9FHMrXV,,,,,30.4073944091796875,-86.9785003662109375,anonymous,EN,51,29,24,64,6,46,22,11,33,50,76,44,92,15,50,Male,29,Independent,32563,"drink coffee,cook at home,go to the gym,drive to work",,28582526
2018-10-05 11:42:29,2018-10-05 11:46:51,IP Address,107.152.231.104,100,261,True,2018-10-05 11:46:51,R_2YP5aLi3bUMAIZ0,,,,,33.9734954833984375,-118.24520111083984375,anonymous,EN,81,87,79,91,54,40,77,65,57,54,68,84,83,70,76,Male,27,Republican,98001,"drink coffee,cook at home,go to the gym,drive to work,read newspapers",easy to work for this study,73868956
2018-10-05 11:43:24,2018-10-05 11:46:52,IP Address,73.236.40.189,100,208,True,2018-10-05 11:46:53,R_2YzDKvmFGojXJ1a,,,,,41.05859375,-80.33480072021484375,anonymous,EN,60,51,22,65,15,18,7,15,20,21,82,75,85,13,71,Male,59,Democrat,16105,"drink coffee,cook at home,go to the gym,drive to work",,55980618
2018-10-05 11:44:40,2018-10-05 11:46:53,IP Address,205.197.219.74,100,133,True,2018-10-05 11:46:53,R_2AHxfFNgxwusN7h,,,,,39.9976043701171875,-111.81420135498046875,anonymous,EN,53,44,55,87,37,20,22,23,54,74,71,39,85,38,80,Male,36,Republican,84655,"drink coffee,cook at home,go to the gym,drive to work",,77548075
2018-10-05 11:43:17,2018-10-05 11:46:53,IP Address,47.42.172.20,100,216,True,2018-10-05 11:46:54,R_2rMH8oIU3urpI52,,,,,43.2178955078125,-123.402099609375,anonymous,EN,40,32,10,90,20,30,20,30,21,30,80,90,71,40,82,Male,38,Democrat,97471,"watch TV,read newspapers,go to the movies,go to bars",,92964908
2018-10-05 11:41:06,2018-10-05 11:47:01,IP Address,38.21.184.190,100,355,True,2018-10-05 11:47:02,R_1ovAOnbRUNZ3TmA,,,,,37.751007080078125,-97.82199859619140625,anonymous,EN,31,38,42,45,20,60,50,43,38,36,52,65,61,35,64,Female,65,Democrat,76104,"drink coffee,cook at home,go to the gym,go to bars",NA,39460420
2018-10-05 11:44:54,2018-10-05 11:47:05,IP Address,185.230.126.84,100,130,True,2018-10-05 11:47:06,R_2uOrRfE6jFATtEo,,,,,34.0493927001953125,-118.26409912109375,anonymous,EN,80,30,25,85,5,65,15,5,79,10,70,30,85,15,95,Male,24,Independent,92324,"drink coffee,cook at home,go to the gym,drive to work",Everything was fine.,10977760
2018-10-05 11:41:19,2018-10-05 11:47:06,IP Address,70.188.37.50,100,347,True,2018-10-05 11:47:07,R_vTvnJb25f15L1qp,,,,,37.269195556640625,-79.93990325927734375,anonymous,EN,33,40,20,40,20,50,15,15,25,15,70,60,60,20,65,Male,32,Other,24015,"drink coffee,cook at home,go to the gym,drive to work","An age range at the start would be helpful. Ex: Number of people who smoke- what ages? And worldwide? If you say 18-25 in the US, that number is much lower than it once was, and if you, say, include people in their 40s-60s - and expands even moreso internationally, where smoking rates are much higher, etc.",80402397
2018-10-05 11:45:23,2018-10-05 11:47:10,IP Address,135.84.223.214,100,106,True,2018-10-05 11:47:10,R_R8f8RO6uEMAYxuV,,,,,41.9922943115234375,-103.6327972412109375,anonymous,EN,60,66,23,85,8,40,20,30,60,38,84,74,94,16,76,Male,26,Democrat,69341,"drink coffee,cook at home,go to the gym,drive to work,read newspapers",,53518994
2018-10-05 11:41:35,2018-10-05 11:47:17,IP Address,117.209.168.124,100,341,True,2018-10-05 11:47:17,R_2yrLyfpKJxG9YJL,,,,,12.983306884765625,77.58331298828125,anonymous,EN,78,59,11,31,51,66,54,16,75,32,60,44,70,29,91,Male,42,Republican,37076,go to the gym,nice survey,98874351
2018-10-05 11:42:20,2018-10-05 11:47:19,IP Address,138.128.18.222,100,299,True,2018-10-05 11:47:20,R_338y85v5L92s0G1,,,,,34.0583953857421875,-118.2779998779296875,anonymous,EN,57,38,27,45,34,54,31,22,39,38,58,36,59,47,56,Male,29,Republican,34747,"drink coffee,go to the gym,drive to work,watch TV,read newspapers",GOOD,26986982
2018-10-05 11:40:55,2018-10-05 11:47:23,IP Address,47.155.203.25,100,388,True,2018-10-05 11:47:23,R_20YEJ6k7MZnZ916,,,,,34.0485992431640625,-117.0142974853515625,anonymous,EN,65,55,45,40,30,64,41,38,17,25,89,68,67,35,79,Female,25,Republican,92371,"drink coffee,cook at home,go to the gym,drive to work",,35754647
2018-10-05 11:41:32,2018-10-05 11:47:30,IP Address,108.242.223.13,100,357,True,2018-10-05 11:47:30,R_2xRh1jUd6fQT1oh,,,,,33.590301513671875,-101.851898193359375,anonymous,EN,65,45,16,37,5,30,1,10,10,20,80,95,85,7,75,Male,67,Other,79015,"drink coffee,cook at home,go to the gym,drive to work",The point?,98275643
2018-10-05 11:41:17,2018-10-05 11:47:32,IP Address,104.238.32.188,100,375,True,2018-10-05 11:47:32,R_3dNcl7lgs4YFLPR,,,,,34.0543975830078125,-118.2440032958984375,anonymous,EN,90,62,35,35,25,8,5,2,5,15,75,40,85,30,80,Male,25,Democrat,91304,"drink coffee,cook at home,go to the gym,drive to work",Interesting. Nice day.,45863031
2018-10-05 11:43:54,2018-10-05 11:47:37,IP Address,47.20.200.222,100,222,True,2018-10-05 11:47:37,R_brS1nsJdkIl7a0x,,,,,40.8733062744140625,-74.16590118408203125,anonymous,EN,56,38,40,59,13,37,16,20,37,23,67,70,64,33,77,Male,33,Independent,07011,"drink coffee,cook at home,go to the gym,drive to work",,50681080
2018-10-05 11:45:41,2018-10-05 11:47:41,IP Address,160.3.43.65,100,119,True,2018-10-05 11:47:41,R_OiJN8AtqbXcBKUx,,,,,30.3748931884765625,-89.178497314453125,anonymous,EN,45,45,35,95,35,50,20,10,15,40,65,50,70,25,75,Female,30,Republican,39574,"drink coffee,cook at home,go to the gym,drive to work",,42863887
2018-10-05 11:43:15,2018-10-05 11:47:46,IP Address,108.187.189.70,100,271,True,2018-10-05 11:47:46,R_bguvFoVeYJ4EkvL,,,,,37.751007080078125,-97.82199859619140625,anonymous,EN,47,43,62,85,42,91,96,54,55,54,50,83,89,61,80,Male,31,Democrat,76106,"drink coffee,cook at home,go to the gym,drive to work,read newspapers",no,23125197
2018-10-05 11:45:31,2018-10-05 11:47:51,IP Address,65.35.91.28,100,139,True,2018-10-05 11:47:51,R_1gShJySCMKi7ZCJ,,,,,27.9474945068359375,-81.92040252685546875,anonymous,EN,50,65,65,80,5,25,5,5,10,50,90,50,85,20,70,Male,38,Republican,33759,"drink coffee,cook at home,go to the gym,drive to work",Everything worked,14061273
2018-10-05 11:46:03,2018-10-05 11:47:59,IP Address,67.227.105.64,100,116,True,2018-10-05 11:47:59,R_31GUa3lPnqZkq7a,,,,,41.1620025634765625,-73.21720123291015625,anonymous,EN,98,97,99,98,96,98,97,97,99,95,98,98,97,99,98,Female,26,Republican,19307,"drink coffee,go to the gym,drive to work",nice,76110519
2018-10-05 11:44:45,2018-10-05 11:48:02,IP Address,73.184.216.107,100,197,True,2018-10-05 11:48:03,R_1fiJZhtnuGFj3KW,,,,,33.6221923828125,-84.523101806640625,anonymous,EN,65,35,10,75,15,30,2,5,8,20,65,45,60,35,85,Male,28,Democrat,30349,"drink coffee,cook at home,go to the gym,drive to work",,68936506
2018-10-05 11:41:14,2018-10-05 11:48:09,IP Address,67.174.18.48,100,414,True,2018-10-05 11:48:09,R_3P767wqEVRFtHsR,,,,,29.1251983642578125,-82.002899169921875,anonymous,EN,67,23,50,51,17,25,98,14,50,16,87,59,87,26,50,Female,26,Democrat,34491,"drink coffee,cook at home,go to the gym,drive to work",,64882885
2018-10-05 11:42:06,2018-10-05 11:48:21,IP Address,180.190.66.150,100,374,True,2018-10-05 11:48:21,R_PuExiKWkwasmpBT,,,,,10.6667022705078125,122.95001220703125,anonymous,EN,50,27,42,66,18,17,28,8,20,26,59,67,70,16,20,Male,37,Democrat,97202,"drink coffee,cook at home,go to the gym,drive to work",,68948721
2018-10-05 11:45:27,2018-10-05 11:48:38,IP Address,173.49.245.26,100,190,True,2018-10-05 11:48:38,R_3pbgqjqaFOKdKrd,,,,,39.18170166015625,-75.59709930419921875,anonymous,EN,47,34,41,85,6,16,8,10,11,26,90,73,76,15,41,Male,28,Independent,19904,"drink coffee,cook at home,go to the gym,drive to work",,59216875
2018-10-05 11:40:36,2018-10-05 11:48:53,IP Address,185.245.87.194,100,497,True,2018-10-05 11:48:53,R_2X5Ibf2HTlQnq7y,,,,,34.0493927001953125,-118.26409912109375,anonymous,EN,29,28,12,11,18,39,2,14,11,8,56,63,62,13,27,Male,57,Independent,28791,"drink coffee,cook at home,go to the gym,drive to work,read newspapers",,38751510
2018-10-05 11:45:38,2018-10-05 11:49:18,IP Address,76.23.61.247,100,220,True,2018-10-05 11:49:18,R_3Ec1ckPpjZk5JED,,,,,40.587005615234375,-111.98780059814453125,anonymous,EN,45,55,22,70,18,20,15,15,22,21,78,92,83,35,45,Female,49,Democrat,84029,"drink coffee,cook at home,go to the gym,drive to work",,41081350
2018-10-05 11:46:33,2018-10-05 11:49:19,IP Address,98.223.41.72,100,165,True,2018-10-05 11:49:19,R_33j19aWz0pfEv4P,,,,,41.7606048583984375,-88.320098876953125,anonymous,EN,32,29,32,96,11,20,29,7,18,42,93,92,91,31,82,Female,35,Independent,60504,"drink coffee,cook at home,go to the gym,drive to work",,41772522
2018-10-05 11:43:26,2018-10-05 11:49:21,IP Address,108.18.64.248,100,354,True,2018-10-05 11:49:21,R_2fDKWpotam92Ng0,,,,,38.9084930419921875,-77.0177001953125,anonymous,EN,40,58,38,45,8,7,35,4,3,26,75,58,49,25,39,Female,35,Democrat,20015,"drink coffee,cook at home,go to the gym,drive to work",No comments,34970827
2018-10-05 11:47:20,2018-10-05 11:49:37,IP Address,192.81.179.4,100,137,True,2018-10-05 11:49:37,R_OpeeDczXFrv9VTz,,,,,36.2534942626953125,-78.89849853515625,anonymous,EN,75,48,20,70,10,22,15,5,8,15,61,90,85,35,70,Female,38,Democrat,27572,"watch TV,read newspapers,go to the movies,go to bars",,98469304
2018-10-05 11:40:38,2018-10-05 11:49:40,IP Address,172.11.220.144,100,541,True,2018-10-05 11:49:40,R_UfPez3ITWTqjCvv,,,,,39.597503662109375,-84.15599822998046875,anonymous,EN,53,52,29,57,14,22,25,16,36,39,85,76,75,30,85,Male,36,Independent,45385,"drink coffee,cook at home,go to the gym,drive to work",,84162855
2018-10-05 11:46:40,2018-10-05 11:49:44,IP Address,207.189.2.213,100,183,True,2018-10-05 11:49:44,R_2ClJHu8TR1beZRS,,,,,35.2277069091796875,-80.843902587890625,anonymous,EN,76,86,80,71,74,81,75,80,76,75,76,77,77,82,81,Female,21,Republican,32004,"drink coffee,cook at home,go to the gym,drive to work,watch TV,read newspapers,go to the movies,go to bars",no,25932714
2018-10-05 11:45:34,2018-10-05 11:49:44,IP Address,173.25.25.86,100,249,True,2018-10-05 11:49:44,R_cYfs9iH2xMV4myt,,,,,44.435394287109375,-93.845001220703125,anonymous,EN,55,45,40,70,25,33,50,20,40,30,70,55,60,40,66,Female,34,Democrat,55046,"drink coffee,cook at home,go to the gym,drive to work",,40696475
2018-10-05 11:45:55,2018-10-05 11:49:45,IP Address,107.173.171.201,100,230,True,2018-10-05 11:49:46,R_1Lb1sFo89Stv7aO,,,,,42.8863983154296875,-78.8780975341796875,anonymous,EN,89,86,88,87,95,74,91,70,84,80,46,89,91,60,80,Male,42,Republican,79703,cook at home,okey,80863367
2018-10-05 11:46:42,2018-10-05 11:50:14,IP Address,67.216.134.151,100,211,True,2018-10-05 11:50:14,R_2V28oSgd6rXlgqE,,,,,32.095703125,-81.2530975341796875,anonymous,EN,50,55,30,90,40,40,20,35,70,40,60,95,90,45,85,Male,51,Other,31302,"drink coffee,cook at home,go to the gym,drive to work",None at this time,94221451
2018-10-05 11:42:51,2018-10-05 11:50:31,IP Address,24.242.17.216,100,460,True,2018-10-05 11:50:32,R_TdfWoVHHR388L05,,,,,31.9022979736328125,-106.40650177001953125,anonymous,EN,66,40,44,96,31,67,11,29,36,35,74,62,69,22,76,Male,39,Democrat,34983,"drink coffee,cook at home,go to the gym,drive to work,read newspapers",,30681896
2018-10-05 11:48:20,2018-10-05 11:50:43,IP Address,66.168.222.151,100,142,True,2018-10-05 11:50:43,R_ai7Hm9m8LYnATgl,,,,,32.350494384765625,-86.25659942626953125,anonymous,EN,53,47,52,66,13,27,38,22,30,26,83,97,91,56,69,Male,33,Democrat,36067,"drink coffee,cook at home,go to the gym,drive to work",,25911137
2018-10-05 11:48:47,2018-10-05 11:50:54,IP Address,67.189.131.19,100,127,True,2018-10-05 11:50:55,R_tXlKbR5oH7diOyZ,,,,,41.417205810546875,-73.59709930419921875,anonymous,EN,45,41,35,13,7,15,11,16,29,28,75,92,85,18,70,Male,34,Independent,10801,"drink coffee,cook at home,go to the gym,drive to work",,42524821
2018-10-05 11:47:01,2018-10-05 11:51:14,IP Address,69.23.116.225,100,252,True,2018-10-05 11:51:14,R_3D628L6OcvTisHe,,,,,38.9604034423828125,-94.5764007568359375,anonymous,EN,43,29,36,43,23,12,6,12,6,13,81,68,81,26,26,Male,23,Republican,64106,"drink coffee,cook at home,go to the gym,drive to work",,43168314
2018-10-05 11:48:14,2018-10-05 11:51:14,IP Address,107.219.126.149,100,179,True,2018-10-05 11:51:15,R_1Rp5OoaKr4GmIiB,,,,,41.6045074462890625,-87.99559783935546875,anonymous,EN,52,47,40,73,33,39,8,14,68,37,76,74,76,43,82,Male,41,Independent,60441,"drink coffee,cook at home,go to the gym,drive to work",,39926394
2018-10-05 11:49:12,2018-10-05 11:52:06,IP Address,98.127.137.72,100,173,True,2018-10-05 11:52:06,R_2VOqUpfxSmLfbAz,,,,,46.5171966552734375,-112.12110137939453125,anonymous,EN,65,15,35,50,7,12,20,5,25,30,75,90,92,40,75,Male,46,Independent,59602,"drink coffee,cook at home,go to the gym,drive to work",,89109215
2018-10-05 11:49:51,2018-10-05 11:52:14,IP Address,108.41.104.169,100,142,True,2018-10-05 11:52:14,R_2QGnGP5CezsObhS,,,,,40.6251983642578125,-73.94570159912109375,anonymous,EN,45,35,20,90,10,11,7,5,6,10,70,65,85,30,85,Female,57,Democrat,11210,"drink coffee,cook at home,go to the gym,drive to work",,71231699
2018-10-05 11:46:25,2018-10-05 11:52:16,IP Address,75.167.126.185,100,350,True,2018-10-05 11:52:16,R_3OoeKJD4xsPKSas,,,,,33.448394775390625,-112.07399749755859375,anonymous,EN,56,20,28,42,13,21,8,24,23,15,62,64,77,29,73,Male,26,Republican,85119,"watch TV,read newspapers,go to the movies,go to bars",,66959030
2018-10-05 11:51:21,2018-10-05 11:52:23,IP Address,24.175.68.0,100,62,True,2018-10-05 11:52:24,R_2RayC46EpLmho9X,,,,,25.950897216796875,-97.32540130615234375,anonymous,EN,44,30,14,67,20,33,27,20,19,17,42,64,74,33,56,Female,26,Independent,77013,"drink coffee,cook at home,go to the gym,drive to work",,90672009
2018-10-05 11:49:35,2018-10-05 11:52:37,IP Address,24.140.34.25,100,181,True,2018-10-05 11:52:37,R_1f3DmfEVKZ5Cj9f,,,,,40.8076934814453125,-81.97299957275390625,anonymous,EN,40,60,40,75,30,46,35,25,45,30,80,95,90,65,60,Female,51,Democrat,44677,"drink coffee,cook at home,go to the gym,drive to work",,75741873
2018-10-05 11:48:30,2018-10-05 11:52:38,IP Address,208.111.119.120,100,248,True,2018-10-05 11:52:39,R_1eWdifCP8L4Ek20,,,,,31.7440032958984375,-86.65219879150390625,anonymous,EN,40,30,30,40,30,30,30,40,35,43,55,85,85,30,60,Female,42,Republican,36040,"drink coffee,cook at home,go to the gym,drive to work",,68934415
2018-10-05 11:50:23,2018-10-05 11:52:51,IP Address,141.233.241.125,100,148,True,2018-10-05 11:52:52,R_2RUJhaH9NZsbU3h,,,,,44.059906005859375,-88.527801513671875,anonymous,EN,50,66,25,60,10,20,25,25,65,30,70,70,95,30,80,Male,35,Democrat,54901,"drink coffee,cook at home,go to the gym,drive to work",,27774993
2018-10-05 11:50:37,2018-10-05 11:53:01,IP Address,76.115.132.235,100,143,True,2018-10-05 11:53:02,R_2Yn9kJYlC64kvhI,,,,,45.0236053466796875,-123.1125030517578125,anonymous,EN,37,23,15,81,21,22,13,3,3,13,64,94,86,21,67,Female,60,Independent,97128,"drink coffee,cook at home,go to the gym,drive to work",,19599305
2018-10-05 11:51:17,2018-10-05 11:53:03,IP Address,71.76.227.204,100,106,True,2018-10-05 11:53:03,R_20YG0r2ufJK76Dq,,,,,35.8535003662109375,-80.1083984375,anonymous,EN,40,33,67,25,21,47,14,19,26,21,95,80,85,30,57,Male,37,Independent,27360,"drink coffee,cook at home,go to the gym,drive to work",,90186993
2018-10-05 11:49:01,2018-10-05 11:53:03,IP Address,23.94.165.215,100,242,True,2018-10-05 11:53:03,R_6ljHxAElBmYjgFb,,,,,34.453399658203125,-108.76979827880859375,anonymous,EN,70,73,91,77,72,71,82,65,69,76,71,77,67,74,75,Male,22,Republican,76244,"drive to work,watch TV,go to the movies",None,78697991
2018-10-05 11:46:43,2018-10-05 11:53:46,IP Address,107.172.110.52,100,422,True,2018-10-05 11:53:46,R_2v67hjuiVFlIY1C,,,,,42.8863983154296875,-78.8780975341796875,anonymous,EN,75,87,78,79,88,51,95,91,67,93,72,94,85,90,81,Male,31,Republican,93230,"drink coffee,cook at home,go to the gym,drive to work",good,57852334
2018-10-05 11:51:36,2018-10-05 11:54:05,IP Address,45.51.19.63,100,149,True,2018-10-05 11:54:05,R_2yae4aRoLwD1RFM,,,,,33.9080963134765625,-117.1082000732421875,anonymous,EN,24,46,37,52,28,20,49,15,29,21,73,62,62,35,71,Female,38,Democrat,92557,"drink coffee,cook at home,go to the gym,drive to work",,20717507
2018-10-05 11:52:28,2018-10-05 11:54:23,IP Address,192.211.52.92,100,115,True,2018-10-05 11:54:24,R_25KR5ixor03tZe4,,,,,30.3105926513671875,-97.7227020263671875,anonymous,EN,66,33,25,80,21,57,34,20,40,35,70,90,56,35,60,Female,24,Democrat,92084,"drink coffee,cook at home,go to the gym,drive to work",,58053578
2018-10-05 11:50:19,2018-10-05 11:54:43,IP Address,67.250.96.148,100,264,True,2018-10-05 11:54:44,R_1oo6ynIwlQrUWZe,,,,,40.5966033935546875,-74.0774993896484375,anonymous,EN,61,32,40,80,23,75,20,32,26,10,67,40,85,29,90,Female,25,Independent,10306,"drink coffee,cook at home,go to the gym,drive to work",,37391750
2018-10-05 11:53:35,2018-10-05 11:54:47,IP Address,23.94.165.215,100,72,True,2018-10-05 11:54:47,R_1DvXgrP7tMqYBY2,,,,,34.453399658203125,-108.76979827880859375,anonymous,EN,68,75,70,73,69,82,79,72,81,81,63,73,69,64,82,Male,22,Republican,76244,"read newspapers,go to bars",None,68881012
2018-10-05 11:53:29,2018-10-05 11:54:51,IP Address,24.98.150.249,100,81,True,2018-10-05 11:54:51,R_3fq3iK3rtpY7g04,,,,,33.9828948974609375,-84.3242034912109375,anonymous,EN,58,55,71,60,25,59,34,69,26,60,76,65,66,53,44,Male,34,Democrat,30350,"drink coffee,cook at home,go to the gym,drive to work",,48345527
2018-10-05 11:50:53,2018-10-05 11:54:58,IP Address,196.17.66.140,100,245,True,2018-10-05 11:54:59,R_1hGrVo0GHpLA902,,,,,34.0543975830078125,-118.2440032958984375,anonymous,EN,70,38,76,61,37,64,99,54,56,63,73,92,71,45,71,Male,23,Independent,97006,go to the gym,GOOD AND NICE.,75690446
2018-10-05 11:52:20,2018-10-05 11:55:07,IP Address,47.40.98.212,100,166,True,2018-10-05 11:55:07,R_2dSac76o6gLRhNE,,,,,42.1851043701171875,-121.614105224609375,anonymous,EN,44,31,20,57,7,14,1,5,9,3,64,90,60,21,58,Male,45,Independent,97603,"drink coffee,cook at home,go to the gym,drive to work",,44124942
2018-10-05 11:53:01,2018-10-05 11:56:11,IP Address,68.189.205.43,100,189,True,2018-10-05 11:56:11,R_3GD5AFIzeq3hTi6,,,,,36.89849853515625,-89.56690216064453125,anonymous,EN,58,33,43,71,20,62,18,37,21,42,68,70,86,43,72,Female,33,Independent,63701,"drink coffee,cook at home,go to the gym,drive to work",,96323009
2018-10-05 11:54:00,2018-10-05 11:56:17,IP Address,67.10.125.169,100,137,True,2018-10-05 11:56:18,R_33efMmo7iIuMESP,,,,,30.0503997802734375,-94.1743011474609375,anonymous,EN,20,22,32,48,7,69,5,24,8,36,71,78,76,33,40,Male,35,Independent,77706,"drink coffee,cook at home,go to the gym,drive to work",,54899730
2018-10-05 11:55:22,2018-10-05 11:56:33,IP Address,162.245.106.150,100,70,True,2018-10-05 11:56:33,R_1EgImnfcPT1h7BI,,,,,37.0030975341796875,-91.9658966064453125,anonymous,EN,58,36,37,94,4,20,13,21,68,29,86,66,79,18,79,Male,29,Independent,65301,"drink coffee,cook at home,go to the gym,drive to work",,28445702
2018-10-05 11:47:07,2018-10-05 11:57:40,IP Address,38.132.117.195,100,633,True,2018-10-05 11:57:40,R_0MUXLBp0jQ4zB5L,,,,,37.751007080078125,-97.82199859619140625,anonymous,EN,53,44,67,61,36,63,36,39,30,61,69,85,77,49,81,Male,28,Republican,77494,"drink coffee,cook at home,go to the gym,drive to work,read newspapers",,48285450
2018-10-05 11:47:11,2018-10-05 11:58:30,IP Address,69.130.217.41,100,678,True,2018-10-05 11:58:30,R_9p0Sc410Vp4cMDL,,,,,32.8426055908203125,-105.98909759521484375,anonymous,EN,56,32,13,82,9,9,77,8,89,74,85,70,82,87,68,Male,29,Democrat,88310,"drink coffee,cook at home,drive to work",,88873408
2018-10-05 11:56:28,2018-10-05 11:58:45,IP Address,24.6.169.86,100,136,True,2018-10-05 11:58:45,R_vDmUoaJCMrNHtU5,,,,,37.3495025634765625,-122.116302490234375,anonymous,EN,57,33,77,88,8,22,22,1,22,13,77,74,86,51,63,Female,30,Democrat,95035,"drink coffee,cook at home,go to the gym,drive to work",,64686721
2018-10-05 11:56:41,2018-10-05 11:58:46,IP Address,73.214.83.191,100,124,True,2018-10-05 11:58:46,R_3fUn3sDVRFBKC8y,,,,,39.645599365234375,-79.94329833984375,anonymous,EN,31,30,30,75,10,35,30,5,21,60,80,55,35,35,30,Male,37,Democrat,26505,"drink coffee,cook at home,go to the gym,drive to work",,86953314
2018-10-05 11:56:36,2018-10-05 11:58:49,IP Address,130.126.255.240,100,133,True,2018-10-05 11:58:49,R_3rHaAk161tKT5cJ,,,,,40.1094970703125,-88.21230316162109375,anonymous,EN,52,44,14,85,14,34,10,9,20,38,64,66,92,23,45,Male,25,Democrat,61801,"drink coffee,cook at home,go to the gym,drive to work",Thanks for the HIT! Instructions were clear. Good luck!,12341907
2018-10-05 11:56:25,2018-10-05 11:59:08,IP Address,74.221.181.10,100,162,True,2018-10-05 11:59:08,R_ClG99nuerROcxsR,,,,,35.1300048828125,-85.29070281982421875,anonymous,EN,40,50,5,75,20,40,5,5,10,20,80,80,60,10,65,Female,49,Democrat,37379,"drink coffee,cook at home,go to the gym,drive to work",,66942134
2018-10-05 11:56:36,2018-10-05 11:59:29,IP Address,97.104.64.111,100,172,True,2018-10-05 11:59:29,R_3LgX3oZbuff8xhQ,,,,,27.966796875,-80.5095977783203125,anonymous,EN,41,43,61,76,10,30,22,8,19,28,87,50,76,15,58,Female,58,Democrat,32951,"drink coffee,cook at home,go to the gym,drive to work",,32004831
2018-10-05 11:56:43,2018-10-05 11:59:30,IP Address,99.17.246.118,100,166,True,2018-10-05 11:59:30,R_2Cv6ZHL32Bd8tfJ,,,,,40.1009063720703125,-83.01409912109375,anonymous,EN,75,35,30,90,3,15,3,5,8,15,95,80,99,30,60,Female,40,Democrat,43229,"drink coffee,cook at home,go to the gym,drive to work",,34783787
2018-10-05 11:52:14,2018-10-05 11:59:55,IP Address,67.250.96.148,100,460,True,2018-10-05 11:59:55,R_3EyZXGIk2Tfgz1L,,,,,40.5966033935546875,-74.0774993896484375,anonymous,EN,60,31,30,75,15,65,15,21,20,5,60,35,85,35,88,Female,24,Independent,10304,"drink coffee,cook at home,go to the gym,drive to work",,81073420
2018-10-05 11:58:10,2018-10-05 12:00:08,IP Address,66.24.228.221,100,117,True,2018-10-05 12:00:08,R_1pthiSB4ZgNJfut,,,,,42.1045074462890625,-79.2519989013671875,anonymous,EN,75,25,30,80,15,30,50,34,38,37,45,75,65,29,85,Male,42,Democrat,14701,"drink coffee,cook at home,go to the gym,drive to work",,56007686
2018-10-05 11:53:46,2018-10-05 12:00:41,IP Address,73.169.233.243,100,414,True,2018-10-05 12:00:41,R_eA1b99ZL36Nj9hD,,,,,48.4647979736328125,-122.60919952392578125,anonymous,EN,40,48,31,78,19,21,28,18,35,29,71,92,91,29,73,Female,57,Independent,98101,"drink coffee,cook at home,go to the gym,drive to work",,26790126
2018-10-05 11:59:09,2018-10-05 12:01:05,IP Address,192.3.118.122,100,115,True,2018-10-05 12:01:05,R_3gSdUi7F0byRkRG,,,,,42.8863983154296875,-78.8780975341796875,anonymous,EN,93,94,91,91,92,91,93,71,92,91,96,89,88,87,89,Male,28,Democrat,75428,go to the gym,no,94744615
2018-10-05 11:58:05,2018-10-05 12:01:43,IP Address,72.24.233.212,100,217,True,2018-10-05 12:01:43,R_3HFzJJHntPxF1av,,,,,34.6248016357421875,-112.4219970703125,anonymous,EN,70,50,35,40,30,15,10,5,30,25,70,65,85,20,80,Male,28,Republican,86314,"drink coffee,cook at home,go to the gym,drive to work",,85201438
2018-10-05 11:56:44,2018-10-05 12:03:06,IP Address,67.250.96.148,100,382,True,2018-10-05 12:03:06,R_21zSVjgZ7n9WaEq,,,,,40.5966033935546875,-74.0774993896484375,anonymous,EN,55,30,36,65,21,77,15,15,21,8,60,31,85,36,90,Male,23,Independent,10303,"drink coffee,cook at home,go to the gym,drive to work",,18034117
2018-10-05 11:58:22,2018-10-05 12:03:35,IP Address,192.238.218.146,100,312,True,2018-10-05 12:03:35,R_2bI9Kmq5DmXNoGU,,,,,37.751007080078125,-97.82199859619140625,anonymous,EN,61,57,48,90,30,82,56,64,65,55,75,70,63,81,75,Female,40,Democrat,61104,"drink coffee,cook at home,go to the gym,drive to work",,96314246
2018-10-05 12:03:52,2018-10-05 12:06:24,IP Address,185.244.215.252,100,151,True,2018-10-05 12:06:24,R_2zuodNlQ000Uz9V,,,,,40.721405029296875,-74.0052032470703125,anonymous,EN,69,39,26,73,22,38,44,12,21,48,58,77,67,49,57,Male,47,Democrat,31312,"drink coffee,cook at home,go to the gym,drive to work,read newspapers",,69708774
2018-10-05 12:06:24,2018-10-05 12:08:42,IP Address,173.81.116.50,100,137,True,2018-10-05 12:08:43,R_3gZSdyBeluYjdpn,,,,,38.376007080078125,-81.74770355224609375,anonymous,EN,52,32,13,56,16,32,21,12,22,8,91,46,71,41,85,Female,43,Republican,25387,"drink coffee,cook at home,go to the gym,drive to work",,24503885
2018-10-05 12:07:51,2018-10-05 12:10:29,IP Address,68.193.24.142,100,157,True,2018-10-05 12:10:29,R_296T77CsiG63afa,,,,,40.675994873046875,-73.96289825439453125,anonymous,EN,78,31,82,97,18,79,14,25,16,48,44,45,85,29,86,Male,32,Democrat,11206,"watch TV,read newspapers,go to the movies,go to bars",,67858251
2018-10-05 12:08:10,2018-10-05 12:10:46,IP Address,73.140.103.207,100,156,True,2018-10-05 12:10:46,R_0Pa04JOrf6hBwD7,,,,,47.2256927490234375,-122.2720947265625,anonymous,EN,59,25,32,72,16,24,8,2,14,9,80,30,65,19,51,Female,24,Democrat,98338,"drink coffee,cook at home,go to the gym,drive to work",,92446568
2018-10-05 12:12:25,2018-10-05 12:15:28,IP Address,196.17.65.121,100,183,True,2018-10-05 12:15:29,R_A1gHL5A6aTe9mV3,,,,,34.0543975830078125,-118.2440032958984375,anonymous,EN,91,74,50,93,69,64,78,89,77,76,76,77,65,54,83,Female,28,Republican,90001,"drink coffee,cook at home,go to the gym,drive to work",,32335380
