StartDate,EndDate,Progress,Duration (in seconds),Finished,RecordedDate,ExternalReference,DistributionChannel,UserLanguage,big_cities_1,own_homes_1,computer_preference_1,news_phone_1,vegetarian_1,cigarettes_1,grocery_1,tennis_1,skiing_1,podcast_1,driving_1,cook_at_home_1,dairy_products_1,go_to_gym_1,drink_coffee_1,gender,age,politics,zip,attention_check,Q11,id
2018-10-05T11:41:05Z,2018-10-05 11:43:15,100,129,True,2018-10-05 11:43:15,NA,anonymous,EN,35,75,38,76,12,32,34,20,44,30,89,65,95,60,77,Female,37,Republican,17011,"drink coffee,cook at home,go to the gym,drive to work",NA,1
2018-10-05T11:41:04Z,2018-10-05 11:43:47,100,163,True,2018-10-05 11:43:48,NA,anonymous,EN,70,75,45,90,50,50,40,40,55,90,65,85,70,50,75,Female,42,Democrat,44035,"drink coffee,cook at home,go to the gym,drive to work",NA,2
2018-10-05T11:40:26Z,2018-10-05 11:41:38,100,71,True,2018-10-05 11:41:38,NA,anonymous,EN,62,38,34,59,29,19,23,26,18,14,78,60,66,17,44,Female,37,Democrat,20906,"drink coffee,cook at home,go to the gym,drive to work",NA,3
2018-10-05T11:44:54Z,2018-10-05 11:47:05,100,130,True,2018-10-05 11:47:06,NA,anonymous,EN,80,30,25,85,5,65,15,5,79,10,70,30,85,15,95,Male,24,Independent,92324,"drink coffee,cook at home,go to the gym,drive to work",Everything was fine.,4
2018-10-05T11:40:34Z,2018-10-05 11:42:31,100,117,True,2018-10-05 11:42:32,NA,anonymous,EN,42,35,30,73,15,25,43,20,27,55,63,38,79,23,78,Male,37,Democrat,35661,"drink coffee,cook at home,go to the gym,drive to work",NA,5
2018-10-05T11:43:06Z,2018-10-05 11:45:39,100,152,True,2018-10-05 11:45:39,NA,anonymous,EN,56,35,42,38,11,15,23,20,35,30,82,90,91,31,76,Male,26,Democrat,77418,"drink coffee,cook at home,go to the gym,drive to work",NA,6
2018-10-05T11:40:32Z,2018-10-05 11:42:02,100,90,True,2018-10-05 11:42:02,NA,anonymous,EN,91,99,62,98,91,64,94,80,96,31,97,98,89,100,90,Male,21,Republican,17603,drink coffee,NA,7
2018-10-05T11:41:20Z,2018-10-05 11:44:15,100,175,True,2018-10-05 11:44:15,NA,anonymous,EN,40,70,40,30,20,60,10,20,20,40,60,70,60,50,80,Female,32,Democrat,38732,"drink coffee,cook at home,go to the gym,drive to work",NA,8
2018-10-05T11:56:36Z,2018-10-05 11:58:49,100,133,True,2018-10-05 11:58:49,NA,anonymous,EN,52,44,14,85,14,34,10,9,20,38,64,66,92,23,45,Male,25,Democrat,61801,"drink coffee,cook at home,go to the gym,drive to work",Thanks for the HIT! Instructions were clear. Good luck!,9
2018-10-05T11:45:31Z,2018-10-05 11:47:51,100,139,True,2018-10-05 11:47:51,NA,anonymous,EN,50,65,65,80,5,25,5,5,10,50,90,50,85,20,70,Male,38,Republican,33759,"drink coffee,cook at home,go to the gym,drive to work",Everything worked,10
2018-10-05T11:44:21Z,2018-10-05 11:45:56,100,95,True,2018-10-05 11:45:56,NA,anonymous,EN,65,28,46,64,31,34,14,24,30,50,69,44,45,28,58,Male,27,Independent,76001,"watch TV,read newspapers,go to the movies",NA,11
2018-10-05T11:43:23Z,2018-10-05 11:44:57,100,94,True,2018-10-05 11:44:57,NA,anonymous,EN,66,53,52,83,5,16,18,9,20,36,65,49,89,27,75,Female,25,Independent,90036,"drink coffee,cook at home,go to the gym,drive to work",NA,12
2018-10-05T11:42:21Z,2018-10-05 11:45:20,100,178,True,2018-10-05 11:45:20,NA,anonymous,EN,35,20,25,75,35,40,15,26,20,30,85,45,70,31,80,Female,27,Independent,88007,"drink coffee,cook at home,go to the gym,drive to work",NA,13
2018-10-05T11:40:31Z,2018-10-05 11:42:18,100,107,True,2018-10-05 11:42:19,NA,anonymous,EN,37,47,76,96,38,11,7,30,32,62,65,51,82,44,81,Female,36,Democrat,63025,"drink coffee,cook at home,go to the gym,drive to work",NA,14
2018-10-05T11:43:08Z,2018-10-05 11:45:34,100,145,True,2018-10-05 11:45:34,NA,anonymous,EN,15,40,15,60,5,30,3,5,10,30,80,85,95,10,90,Male,36,Republican,45505,"drink coffee,cook at home,go to the gym,drive to work",Thanks.,15
2018-10-05T11:56:44Z,2018-10-05 12:03:06,100,382,True,2018-10-05 12:03:06,NA,anonymous,EN,55,30,36,65,21,77,15,15,21,8,60,31,85,36,90,Male,23,Independent,10303,"drink coffee,cook at home,go to the gym,drive to work",NA,16
2018-10-05T11:41:32Z,2018-10-05 11:44:53,100,200,True,2018-10-05 11:44:53,NA,anonymous,EN,18,47,9,8,8,16,3,8,18,16,78,88,74,12,60,Male,68,Republican,07470,"watch TV,read newspapers,go to the movies,go to bars",NO,17
2018-10-05T11:41:46Z,2018-10-05 11:46:00,100,253,True,2018-10-05 11:46:00,NA,anonymous,EN,65,60,25,60,10,25,10,15,15,10,75,86,85,30,70,Female,40,Independent,37620,"drink coffee,cook at home,go to the gym,drive to work,read newspapers",NA,18
2018-10-05T11:42:45Z,2018-10-05 11:45:53,100,187,True,2018-10-05 11:45:53,NA,anonymous,EN,50,26,20,64,17,60,8,32,23,20,75,58,70,31,65,Male,35,Democrat,48706,"drink coffee,cook at home,go to the gym,drive to work",Thanks for letting me participate.,19
2018-10-05T11:50:37Z,2018-10-05 11:53:01,100,143,True,2018-10-05 11:53:02,NA,anonymous,EN,37,23,15,81,21,22,13,3,3,13,64,94,86,21,67,Female,60,Independent,97128,"drink coffee,cook at home,go to the gym,drive to work",NA,20
2018-10-05T11:51:36Z,2018-10-05 11:54:05,100,149,True,2018-10-05 11:54:05,NA,anonymous,EN,24,46,37,52,28,20,49,15,29,21,73,62,62,35,71,Female,38,Democrat,92557,"drink coffee,cook at home,go to the gym,drive to work",NA,21
2018-10-05T11:40:46Z,2018-10-05 11:43:15,100,149,True,2018-10-05 11:43:16,NA,anonymous,EN,51,72,23,68,18,32,40,24,25,75,89,77,62,32,82,Male,39,Democrat,92683,"drink coffee,cook at home,go to the gym,drive to work",NA,22
2018-10-05T11:42:49Z,2018-10-05 11:45:04,100,134,True,2018-10-05 11:45:04,NA,anonymous,EN,32,59,34,74,25,37,30,10,15,11,71,55,77,48,80,Female,48,Republican,52346,"drink coffee,cook at home,go to the gym,drive to work",NA,23
2018-10-05T11:40:46Z,2018-10-05 11:42:31,100,104,True,2018-10-05 11:42:31,NA,anonymous,EN,27,14,51,64,29,34,4,20,29,17,58,38,76,14,71,Female,41,Democrat,28645,"drink coffee,cook at home,go to the gym,drive to work",NA,24
2018-10-05T11:43:15Z,2018-10-05 11:47:46,100,271,True,2018-10-05 11:47:46,NA,anonymous,EN,47,43,62,85,42,91,96,54,55,54,50,83,89,61,80,Male,31,Democrat,76106,"drink coffee,cook at home,go to the gym,drive to work,read newspapers",no,25
2018-10-05T12:06:24Z,2018-10-05 12:08:42,100,137,True,2018-10-05 12:08:43,NA,anonymous,EN,52,32,13,56,16,32,21,12,22,8,91,46,71,41,85,Female,43,Republican,25387,"drink coffee,cook at home,go to the gym,drive to work",NA,26
2018-10-05T11:48:20Z,2018-10-05 11:50:43,100,142,True,2018-10-05 11:50:43,NA,anonymous,EN,53,47,52,66,13,27,38,22,30,26,83,97,91,56,69,Male,33,Democrat,36067,"drink coffee,cook at home,go to the gym,drive to work",NA,27
2018-10-05T11:46:40Z,2018-10-05 11:49:44,100,183,True,2018-10-05 11:49:44,NA,anonymous,EN,76,86,80,71,74,81,75,80,76,75,76,77,77,82,81,Female,21,Republican,32004,"drink coffee,cook at home,go to the gym,drive to work,watch TV,read newspapers,go to the movies,go to bars",no,28
2018-10-05T11:40:42Z,2018-10-05 11:43:27,100,164,True,2018-10-05 11:43:28,NA,anonymous,EN,33,40,35,40,8,35,20,10,19,16,71,78,89,15,59,Male,42,Democrat,16055,"drink coffee,cook at home,go to the gym,drive to work",NA,29
2018-10-05T11:43:14Z,2018-10-05 11:44:52,100,97,True,2018-10-05 11:44:52,NA,anonymous,EN,50,45,50,81,22,25,31,40,40,41,79,85,75,50,79,Female,31,Democrat,29307,"drink coffee,cook at home,go to the gym,drive to work",NA,30
2018-10-05T11:42:20Z,2018-10-05 11:47:19,100,299,True,2018-10-05 11:47:20,NA,anonymous,EN,57,38,27,45,34,54,31,22,39,38,58,36,59,47,56,Male,29,Republican,34747,"drink coffee,go to the gym,drive to work,watch TV,read newspapers",GOOD,31
2018-10-05T11:42:02Z,2018-10-05 11:45:28,100,206,True,2018-10-05 11:45:29,NA,anonymous,EN,78,83,69,85,60,80,72,74,66,85,80,80,70,73,90,Male,28,Republican,11235,cook at home,NA,32
2018-10-05T11:43:19Z,2018-10-05 11:46:21,100,182,True,2018-10-05 11:46:22,NA,anonymous,EN,70,40,60,80,15,20,50,10,40,60,75,85,90,20,90,Male,29,Democrat,97111,"drink coffee,cook at home,go to the gym,drive to work",NA,33
2018-10-05T11:50:23Z,2018-10-05 11:52:51,100,148,True,2018-10-05 11:52:52,NA,anonymous,EN,50,66,25,60,10,20,25,25,65,30,70,70,95,30,80,Male,35,Democrat,54901,"drink coffee,cook at home,go to the gym,drive to work",NA,34
2018-10-05T11:55:22Z,2018-10-05 11:56:33,100,70,True,2018-10-05 11:56:33,NA,anonymous,EN,58,36,37,94,4,20,13,21,68,29,86,66,79,18,79,Male,29,Independent,65301,"drink coffee,cook at home,go to the gym,drive to work",NA,35
2018-10-05T11:44:50Z,2018-10-05 11:46:47,100,116,True,2018-10-05 11:46:47,NA,anonymous,EN,51,29,24,64,6,46,22,11,33,50,76,44,92,15,50,Male,29,Independent,32563,"drink coffee,cook at home,go to the gym,drive to work",NA,36
2018-10-05T11:40:54Z,2018-10-05 11:43:16,100,142,True,2018-10-05 11:43:16,NA,anonymous,EN,50,45,30,60,10,13,20,20,60,20,70,85,90,15,45,Male,44,Independent,56082,"drink coffee,cook at home,go to the gym,drive to work",NA,37
2018-10-05T11:40:56Z,2018-10-05 11:45:23,100,266,True,2018-10-05 11:45:23,NA,anonymous,EN,56,40,48,73,25,25,20,10,37,27,82,80,70,35,70,Female,29,Independent,97405,"drink coffee,cook at home,go to the gym,drive to work",NA,38
2018-10-05T11:43:53Z,2018-10-05 11:45:29,100,95,True,2018-10-05 11:45:29,NA,anonymous,EN,55,45,53,72,15,23,49,19,44,21,69,52,91,42,63,Male,32,Democrat,92507,"drink coffee,cook at home,go to the gym,drive to work",NA,39
2018-10-05T11:41:34Z,2018-10-05 11:42:54,100,80,True,2018-10-05 11:42:54,NA,anonymous,EN,28,16,38,32,9,19,52,14,55,47,29,15,49,30,19,Male,24,Republican,44286,"go to the gym,watch TV",NA,40
2018-10-05T11:42:51Z,2018-10-05 11:50:31,100,460,True,2018-10-05 11:50:32,NA,anonymous,EN,66,40,44,96,31,67,11,29,36,35,74,62,69,22,76,Male,39,Democrat,34983,"drink coffee,cook at home,go to the gym,drive to work,read newspapers",NA,41
2018-10-05T11:41:33Z,2018-10-05 11:45:41,100,247,True,2018-10-05 11:45:41,NA,anonymous,EN,38,12,22,26,28,28,23,15,11,32,48,99,59,24,37,Male,22,Democrat,95826,"cook at home,go to the gym,watch TV,read newspapers,go to the movies",NA,42
2018-10-05T11:40:54Z,2018-10-05 11:43:50,100,175,True,2018-10-05 11:43:50,NA,anonymous,EN,25,33,33,60,5,15,10,10,20,15,85,20,90,10,97,Male,34,Independent,53029,"drink coffee,cook at home,go to the gym,drive to work",N/A,43
2018-10-05T11:43:13Z,2018-10-05 11:45:22,100,129,True,2018-10-05 11:45:22,NA,anonymous,EN,50,40,30,60,10,25,3,5,10,10,66,95,85,25,55,Female,40,Democrat,55419,"drink coffee,cook at home,go to the gym,drive to work",NA,44
2018-10-05T11:56:36Z,2018-10-05 11:59:29,100,172,True,2018-10-05 11:59:29,NA,anonymous,EN,41,43,61,76,10,30,22,8,19,28,87,50,76,15,58,Female,58,Democrat,32951,"drink coffee,cook at home,go to the gym,drive to work",NA,45
2018-10-05T11:40:34Z,2018-10-05 11:43:46,100,191,True,2018-10-05 11:43:46,NA,anonymous,EN,55,25,40,35,20,25,30,10,25,10,70,60,40,20,60,Female,46,Democrat,92026,"drink coffee,cook at home,go to the gym,drive to work",NA,46
2018-10-05T12:12:25Z,2018-10-05 12:15:28,100,183,True,2018-10-05 12:15:29,NA,anonymous,EN,91,74,50,93,69,64,78,89,77,76,76,77,65,54,83,Female,28,Republican,90001,"drink coffee,cook at home,go to the gym,drive to work",NA,47
2018-10-05T11:40:39Z,2018-10-05 11:46:06,100,327,True,2018-10-05 11:46:06,NA,anonymous,EN,57,66,62,88,31,43,2,7,5,8,54,65,64,22,75,Male,26,Democrat,30043,"drink coffee,cook at home,go to the gym,drive to work",NA,48
2018-10-05T11:40:51Z,2018-10-05 11:42:56,100,124,True,2018-10-05 11:42:56,NA,anonymous,EN,59,24,47,93,29,18,24,28,37,67,80,68,90,37,93,Male,35,Independent,27403,"drink coffee,cook at home,go to the gym,drive to work",NA,49
2018-10-05T11:43:01Z,2018-10-05 11:45:42,100,160,True,2018-10-05 11:45:42,NA,anonymous,EN,57,62,25,80,40,30,25,20,35,21,75,90,81,27,66,Female,31,Other,49058,"drink coffee,cook at home,go to the gym,drive to work",NA,50
2018-10-05T11:40:58Z,2018-10-05 11:44:40,100,222,True,2018-10-05 11:44:40,NA,anonymous,EN,50,40,35,70,30,40,20,15,70,50,60,60,90,25,60,Male,30,Democrat,11216,"drink coffee,cook at home,go to the gym,drive to work",NA,51
2018-10-05T11:41:05Z,2018-10-05 11:44:06,100,180,True,2018-10-05 11:44:07,NA,anonymous,EN,79,50,34,80,45,22,37,25,15,32,80,68,80,27,75,Female,59,Independent,54653,"drink coffee,cook at home,go to the gym,drive to work",None today. :o),52
2018-10-05T11:56:43Z,2018-10-05 11:59:30,100,166,True,2018-10-05 11:59:30,NA,anonymous,EN,75,35,30,90,3,15,3,5,8,15,95,80,99,30,60,Female,40,Democrat,43229,"drink coffee,cook at home,go to the gym,drive to work",NA,53
2018-10-05T11:43:26Z,2018-10-05 11:49:21,100,354,True,2018-10-05 11:49:21,NA,anonymous,EN,40,58,38,45,8,7,35,4,3,26,75,58,49,25,39,Female,35,Democrat,20015,"drink coffee,cook at home,go to the gym,drive to work",No comments,54
2018-10-05T11:42:38Z,2018-10-05 11:44:20,100,101,True,2018-10-05 11:44:20,NA,anonymous,EN,50,44,28,45,25,33,15,8,18,9,74,78,78,31,53,Male,39,Democrat,49417,"drink coffee,cook at home,go to the gym,drive to work",NA,55
2018-10-05T11:40:55Z,2018-10-05 11:47:23,100,388,True,2018-10-05 11:47:23,NA,anonymous,EN,65,55,45,40,30,64,41,38,17,25,89,68,67,35,79,Female,25,Republican,92371,"drink coffee,cook at home,go to the gym,drive to work",NA,56
2018-10-05T11:40:39Z,2018-10-05 11:42:33,100,113,True,2018-10-05 11:42:33,NA,anonymous,EN,60,50,30,80,40,50,55,40,25,35,65,90,65,50,45,Male,33,Democrat,28205,"drink coffee,cook at home,go to the gym,drive to work",NA,57
2018-10-05T11:50:19Z,2018-10-05 11:54:43,100,264,True,2018-10-05 11:54:44,NA,anonymous,EN,61,32,40,80,23,75,20,32,26,10,67,40,85,29,90,Female,25,Independent,10306,"drink coffee,cook at home,go to the gym,drive to work",NA,58
2018-10-05T11:42:23Z,2018-10-05 11:44:14,100,110,True,2018-10-05 11:44:14,NA,anonymous,EN,75,54,21,52,20,45,32,13,23,20,83,78,68,37,81,Female,55,Democrat,85381,"drink coffee,cook at home,go to the gym,drive to work",NA,59
2018-10-05T11:40:43Z,2018-10-05 11:42:30,100,107,True,2018-10-05 11:42:30,NA,anonymous,EN,40,35,30,60,12,33,25,15,18,10,65,40,85,21,55,Male,30,Independent,98133,"drink coffee,cook at home,go to the gym,drive to work,read newspapers",NA,60
2018-10-05T11:40:29Z,2018-10-05 11:42:47,100,137,True,2018-10-05 11:42:47,NA,anonymous,EN,60,55,23,56,18,39,13,26,39,22,72,79,80,51,66,Male,40,Democrat,72501,"drink coffee,cook at home,go to the gym,drive to work",NA,61
2018-10-05T11:40:36Z,2018-10-05 11:48:53,100,497,True,2018-10-05 11:48:53,NA,anonymous,EN,29,28,12,11,18,39,2,14,11,8,56,63,62,13,27,Male,57,Independent,28791,"drink coffee,cook at home,go to the gym,drive to work,read newspapers",NA,62
2018-10-05T11:41:06Z,2018-10-05 11:47:01,100,355,True,2018-10-05 11:47:02,NA,anonymous,EN,31,38,42,45,20,60,50,43,38,36,52,65,61,35,64,Female,65,Democrat,76104,"drink coffee,cook at home,go to the gym,go to bars",NA,63
2018-10-05T11:44:16Z,2018-10-05 11:45:52,100,95,True,2018-10-05 11:45:53,NA,anonymous,EN,44,42,54,78,13,24,25,38,11,39,60,83,70,34,62,Male,39,Republican,60169,"drink coffee,cook at home,go to the gym,drive to work",NA,64
2018-10-05T11:48:14Z,2018-10-05 11:51:14,100,179,True,2018-10-05 11:51:15,NA,anonymous,EN,52,47,40,73,33,39,8,14,68,37,76,74,76,43,82,Male,41,Independent,60441,"drink coffee,cook at home,go to the gym,drive to work",NA,65
2018-10-05T11:45:34Z,2018-10-05 11:49:44,100,249,True,2018-10-05 11:49:44,NA,anonymous,EN,55,45,40,70,25,33,50,20,40,30,70,55,60,40,66,Female,34,Democrat,55046,"drink coffee,cook at home,go to the gym,drive to work",NA,66
2018-10-05T11:45:38Z,2018-10-05 11:49:18,100,220,True,2018-10-05 11:49:18,NA,anonymous,EN,45,55,22,70,18,20,15,15,22,21,78,92,83,35,45,Female,49,Democrat,84029,"drink coffee,cook at home,go to the gym,drive to work",NA,67
2018-10-05T11:40:38Z,2018-10-05 11:42:39,100,120,True,2018-10-05 11:42:39,NA,anonymous,EN,51,44,21,68,6,26,14,13,15,24,77,33,71,6,55,Female,38,Democrat,66203,"drink coffee,cook at home,go to the gym,drive to work,read newspapers",NA,68
2018-10-05T11:46:33Z,2018-10-05 11:49:19,100,165,True,2018-10-05 11:49:19,NA,anonymous,EN,32,29,32,96,11,20,29,7,18,42,93,92,91,31,82,Female,35,Independent,60504,"drink coffee,cook at home,go to the gym,drive to work",NA,69
2018-10-05T11:40:47Z,2018-10-05 11:42:44,100,116,True,2018-10-05 11:42:44,NA,anonymous,EN,50,31,17,86,8,18,8,4,9,32,91,65,77,15,95,Male,47,Other,78566,"drink coffee,cook at home,go to the gym,drive to work",NA,70
2018-10-05T11:48:47Z,2018-10-05 11:50:54,100,127,True,2018-10-05 11:50:55,NA,anonymous,EN,45,41,35,13,7,15,11,16,29,28,75,92,85,18,70,Male,34,Independent,10801,"drink coffee,cook at home,go to the gym,drive to work",NA,71
2018-10-05T11:40:35Z,2018-10-05 11:42:24,100,109,True,2018-10-05 11:42:24,NA,anonymous,EN,45,67,61,95,6,10,20,15,40,70,80,70,45,33,60,Male,27,Independent,70808,"watch TV,read newspapers,go to the movies,go to bars",NA,72
2018-10-05T11:45:41Z,2018-10-05 11:47:41,100,119,True,2018-10-05 11:47:41,NA,anonymous,EN,45,45,35,95,35,50,20,10,15,40,65,50,70,25,75,Female,30,Republican,39574,"drink coffee,cook at home,go to the gym,drive to work",NA,73
2018-10-05T11:43:21Z,2018-10-05 11:46:13,100,172,True,2018-10-05 11:46:14,NA,anonymous,EN,44,60,41,80,30,32,25,35,56,44,95,79,74,49,92,Male,28,Democrat,41168,"drink coffee,cook at home,go to the gym,drive to work,watch TV",NA,74
2018-10-05T11:47:01Z,2018-10-05 11:51:14,100,252,True,2018-10-05 11:51:14,NA,anonymous,EN,43,29,36,43,23,12,6,12,6,13,81,68,81,26,26,Male,23,Republican,64106,"drink coffee,cook at home,go to the gym,drive to work",NA,75
2018-10-05T11:43:45Z,2018-10-05 11:45:44,100,118,True,2018-10-05 11:45:44,NA,anonymous,EN,49,23,40,47,17,19,14,12,15,26,62,57,66,32,71,Male,40,Independent,75201,"drink coffee,cook at home,go to the gym,drive to work",NA,76
2018-10-05T11:52:20Z,2018-10-05 11:55:07,100,166,True,2018-10-05 11:55:07,NA,anonymous,EN,44,31,20,57,7,14,1,5,9,3,64,90,60,21,58,Male,45,Independent,97603,"drink coffee,cook at home,go to the gym,drive to work",NA,77
2018-10-05T11:40:44Z,2018-10-05 11:43:22,100,158,True,2018-10-05 11:43:22,NA,anonymous,EN,50,33,12,20,40,15,4,21,15,10,70,75,81,9,76,Female,28,Democrat,48706,"drink coffee,cook at home,go to the gym,drive to work",NA,78
2018-10-05T11:41:08Z,2018-10-05 11:42:17,100,68,True,2018-10-05 11:42:17,NA,anonymous,EN,59,27,15,91,26,25,38,6,13,38,86,63,89,42,75,Female,29,Democrat,56001,"drink coffee,cook at home,go to the gym,drive to work",thanks,79
2018-10-05T11:41:17Z,2018-10-05 11:47:32,100,375,True,2018-10-05 11:47:32,NA,anonymous,EN,90,62,35,35,25,8,5,2,5,15,75,40,85,30,80,Male,25,Democrat,91304,"drink coffee,cook at home,go to the gym,drive to work",Interesting. Nice day.,80
2018-10-05T11:40:59Z,2018-10-05 11:43:45,100,166,True,2018-10-05 11:43:46,NA,anonymous,EN,60,49,11,30,9,27,20,16,14,10,75,51,75,21,60,Female,41,Republican,77486,"drink coffee,cook at home,go to the gym,drive to work",NA,81
2018-10-05T11:41:14Z,2018-10-05 11:43:54,100,160,True,2018-10-05 11:43:54,NA,anonymous,EN,30,50,40,80,15,20,30,15,20,35,75,90,85,20,50,Female,34,Democrat,20121,"drink coffee,cook at home,go to the gym,drive to work",NA,82
2018-10-05T11:41:37Z,2018-10-05 11:43:31,100,114,True,2018-10-05 11:43:32,NA,anonymous,EN,40,49,29,42,26,17,8,30,35,33,80,64,65,41,86,Male,30,Democrat,16148,"drink coffee,cook at home,go to the gym,drive to work",NA,83
2018-10-05T11:41:10Z,2018-10-05 11:43:20,100,129,True,2018-10-05 11:43:20,NA,anonymous,EN,33,26,32,50,11,6,14,7,51,50,78,90,62,26,75,Male,44,Independent,19703,"drink coffee,cook at home,go to the gym,drive to work",NA,84
2018-10-05T11:47:07Z,2018-10-05 11:57:40,100,633,True,2018-10-05 11:57:40,NA,anonymous,EN,53,44,67,61,36,63,36,39,30,61,69,85,77,49,81,Male,28,Republican,77494,"drink coffee,cook at home,go to the gym,drive to work,read newspapers",NA,85
2018-10-05T11:53:29Z,2018-10-05 11:54:51,100,81,True,2018-10-05 11:54:51,NA,anonymous,EN,58,55,71,60,25,59,34,69,26,60,76,65,66,53,44,Male,34,Democrat,30350,"drink coffee,cook at home,go to the gym,drive to work",NA,86
2018-10-05T11:40:51Z,2018-10-05 11:42:57,100,126,True,2018-10-05 11:42:57,NA,anonymous,EN,62,30,43,70,16,17,13,27,23,42,66,48,87,36,72,Male,29,Independent,08081,"drink coffee,cook at home,go to the gym,drive to work",NA,87
2018-10-05T11:40:56Z,2018-10-05 11:43:53,100,176,True,2018-10-05 11:43:53,NA,anonymous,EN,46,37,35,80,8,65,47,7,13,60,30,85,75,19,66,Male,37,Democrat,33549,"drink coffee,cook at home,go to the gym,drive to work",NA,88
2018-10-05T11:40:29Z,2018-10-05 11:44:38,100,248,True,2018-10-05 11:44:38,NA,anonymous,EN,24,71,40,74,53,38,11,46,38,43,83,80,63,39,56,Male,23,Other,27260,"drink coffee,cook at home,go to the gym,drive to work,watch TV",NA,89
2018-10-05T11:40:51Z,2018-10-05 11:44:01,100,190,True,2018-10-05 11:44:02,NA,anonymous,EN,60,19,31,57,20,23,25,2,5,50,30,77,70,16,59,Male,32,Democrat,44240,"drink coffee,cook at home,go to the gym,drive to work",NA,90
2018-10-05T11:43:54Z,2018-10-05 11:47:37,100,222,True,2018-10-05 11:47:37,NA,anonymous,EN,56,38,40,59,13,37,16,20,37,23,67,70,64,33,77,Male,33,Independent,07011,"drink coffee,cook at home,go to the gym,drive to work",NA,91
2018-10-05T11:40:39Z,2018-10-05 11:42:04,100,85,True,2018-10-05 11:42:05,NA,anonymous,EN,49,35,54,59,29,32,26,21,27,21,61,72,83,40,76,Female,35,Independent,01524,"drink coffee,cook at home,go to the gym,drive to work",NA,92
2018-10-05T11:42:58Z,2018-10-05 11:45:40,100,161,True,2018-10-05 11:45:40,NA,anonymous,EN,60,35,20,90,4,15,5,3,31,12,87,85,87,28,60,Male,38,Democrat,61021,"drink coffee,cook at home,go to the gym,drive to work",NA,93
2018-10-05T11:45:23Z,2018-10-05 11:47:10,100,106,True,2018-10-05 11:47:10,NA,anonymous,EN,60,66,23,85,8,40,20,30,60,38,84,74,94,16,76,Male,26,Democrat,69341,"drink coffee,cook at home,go to the gym,drive to work,read newspapers",NA,94
2018-10-05T11:40:59Z,2018-10-05 11:43:27,100,148,True,2018-10-05 11:43:28,NA,anonymous,EN,60,45,40,65,20,33,16,6,24,10,80,70,70,28,71,Male,27,Democrat,18330,"drink coffee,cook at home,go to the gym,drive to work",NA,95
2018-10-05T11:41:28Z,2018-10-05 11:43:54,100,146,True,2018-10-05 11:43:54,NA,anonymous,EN,30,70,25,60,10,10,25,10,20,65,90,70,80,40,80,Female,55,Republican,64867,"drink coffee,cook at home,go to the gym,drive to work,read newspapers",NA,96
2018-10-05T11:54:00Z,2018-10-05 11:56:17,100,137,True,2018-10-05 11:56:18,NA,anonymous,EN,20,22,32,48,7,69,5,24,8,36,71,78,76,33,40,Male,35,Independent,77706,"drink coffee,cook at home,go to the gym,drive to work",NA,97
2018-10-05T11:40:47Z,2018-10-05 11:44:03,100,195,True,2018-10-05 11:44:03,NA,anonymous,EN,40,32,60,75,8,15,15,10,20,50,60,66,76,60,75,Male,24,Republican,21230,"drink coffee,cook at home,go to the gym,drive to work",NA,98
2018-10-05T11:43:24Z,2018-10-05 11:46:52,100,208,True,2018-10-05 11:46:53,NA,anonymous,EN,60,51,22,65,15,18,7,15,20,21,82,75,85,13,71,Male,59,Democrat,16105,"drink coffee,cook at home,go to the gym,drive to work",NA,99
2018-10-05T11:58:10Z,2018-10-05 12:00:08,100,117,True,2018-10-05 12:00:08,NA,anonymous,EN,75,25,30,80,15,30,50,34,38,37,45,75,65,29,85,Male,42,Democrat,14701,"drink coffee,cook at home,go to the gym,drive to work",NA,100
2018-10-05T11:40:43Z,2018-10-05 11:42:28,100,105,True,2018-10-05 11:42:29,NA,anonymous,EN,60,33,52,75,48,15,15,9,36,32,54,65,87,26,69,Female,26,Democrat,12208,"drink coffee,cook at home,go to the gym,drive to work",NA,101
2018-10-05T11:40:32Z,2018-10-05 11:43:38,100,186,True,2018-10-05 11:43:39,NA,anonymous,EN,43,59,18,28,4,25,17,6,7,7,89,96,92,3,60,Male,59,Independent,16823,"drink coffee,cook at home,go to the gym,drive to work",NA,102
2018-10-05T11:40:49Z,2018-10-05 11:42:45,100,116,True,2018-10-05 11:42:46,NA,anonymous,EN,55,37,26,80,12,17,36,6,47,24,51,48,70,41,62,Male,28,Independent,19106,"drink coffee,cook at home,go to the gym,drive to work,watch TV",NA,103
2018-10-05T11:40:36Z,2018-10-05 11:44:07,100,210,True,2018-10-05 11:44:07,NA,anonymous,EN,13,56,29,64,54,32,31,26,37,17,63,77,31,24,55,Female,33,Democrat,03109,"drink coffee,cook at home,go to the gym,drive to work,read newspapers",NA,104
2018-10-05T11:41:28Z,2018-10-05 11:45:39,100,250,True,2018-10-05 11:45:40,NA,anonymous,EN,40,30,15,25,10,15,15,10,15,3,80,95,78,9,35,Male,56,Republican,71112,"drink coffee,cook at home,go to the gym,drive to work",NA,105
2018-10-05T11:46:43Z,2018-10-05 11:53:46,100,422,True,2018-10-05 11:53:46,NA,anonymous,EN,75,87,78,79,88,51,95,91,67,93,72,94,85,90,81,Male,31,Republican,93230,"drink coffee,cook at home,go to the gym,drive to work",good,106
2018-10-05T11:52:28Z,2018-10-05 11:54:23,100,115,True,2018-10-05 11:54:24,NA,anonymous,EN,66,33,25,80,21,57,34,20,40,35,70,90,56,35,60,Female,24,Democrat,92084,"drink coffee,cook at home,go to the gym,drive to work",NA,107
2018-10-05T11:42:33Z,2018-10-05 11:43:57,100,83,True,2018-10-05 11:43:57,NA,anonymous,EN,51,35,37,63,23,16,8,15,7,55,83,74,45,15,73,Female,24,Independent,34748,"drink coffee,cook at home,go to the gym,drive to work",NA,108
2018-10-05T11:45:27Z,2018-10-05 11:48:38,100,190,True,2018-10-05 11:48:38,NA,anonymous,EN,47,34,41,85,6,16,8,10,11,26,90,73,76,15,41,Male,28,Independent,19904,"drink coffee,cook at home,go to the gym,drive to work",NA,109
2018-10-05T11:41:12Z,2018-10-05 11:43:45,100,152,True,2018-10-05 11:43:46,NA,anonymous,EN,75,40,20,70,25,60,20,25,25,35,50,85,70,35,65,Male,25,Republican,07013,"drink coffee,cook at home,go to the gym,drive to work",NA,110
2018-10-05T11:42:49Z,2018-10-05 11:46:04,100,194,True,2018-10-05 11:46:05,NA,anonymous,EN,28,26,41,80,17,31,16,13,6,50,40,78,73,48,55,Female,63,Republican,40391,"drink coffee,cook at home,go to the gym,drive to work",NA,111
2018-10-05T11:40:45Z,2018-10-05 11:42:19,100,93,True,2018-10-05 11:42:19,NA,anonymous,EN,51,42,53,89,8,25,4,10,11,26,80,53,85,19,66,Female,32,Democrat,32566,"drink coffee,cook at home,go to the gym,drive to work",NA,112
2018-10-05T11:40:36Z,2018-10-05 11:42:56,100,140,True,2018-10-05 11:42:56,NA,anonymous,EN,25,30,4,65,30,20,41,5,5,33,31,44,68,20,49,Male,57,Democrat,73112,"drink coffee,cook at home,go to the gym,drive to work,read newspapers",NA,113
2018-10-05T11:40:34Z,2018-10-05 11:44:00,100,205,True,2018-10-05 11:44:00,NA,anonymous,EN,22,40,30,40,39,43,27,28,32,40,76,62,62,38,63,Female,31,Democrat,39773,"drink coffee,cook at home,go to the gym,drive to work",NA,114
2018-10-05T11:41:59Z,2018-10-05 11:44:30,100,150,True,2018-10-05 11:44:30,NA,anonymous,EN,60,14,17,74,3,25,10,5,7,13,67,68,84,29,69,Male,33,Democrat,37086,"drink coffee,cook at home,go to the gym,drive to work",NA,115
2018-10-05T11:41:41Z,2018-10-05 11:44:24,100,162,True,2018-10-05 11:44:24,NA,anonymous,EN,64,14,70,78,38,71,14,43,30,28,81,49,37,50,83,Male,34,Independent,11216,"drink coffee,cook at home,go to the gym,drive to work,read newspapers",NA,116
2018-10-05T11:40:46Z,2018-10-05 11:43:52,100,185,True,2018-10-05 11:43:52,NA,anonymous,EN,70,62,27,31,9,8,33,7,11,18,63,80,69,22,61,Female,60,Independent,89048,"drink coffee,cook at home,go to the gym,drive to work",NA,117
2018-10-05T11:40:32Z,2018-10-05 11:42:49,100,137,True,2018-10-05 11:42:50,NA,anonymous,EN,75,33,22,43,20,19,13,16,8,25,75,58,85,21,70,Female,44,Democrat,74120,"drink coffee,cook at home,go to the gym,drive to work",NA,118
2018-10-05T11:43:43Z,2018-10-05 11:45:18,100,95,True,2018-10-05 11:45:19,NA,anonymous,EN,50,40,50,75,50,20,30,30,30,30,60,95,80,40,75,Female,26,Democrat,01844,"drink coffee,cook at home,go to the gym,drive to work",NA,119
2018-10-05T11:41:53Z,2018-10-05 11:43:44,100,111,True,2018-10-05 11:43:44,NA,anonymous,EN,69,54,20,75,14,14,9,20,35,50,85,90,85,20,65,Male,38,Democrat,84074,"drink coffee,cook at home,go to the gym,drive to work",NA,120
2018-10-05T11:40:48Z,2018-10-05 11:43:14,100,145,True,2018-10-05 11:43:14,NA,anonymous,EN,57,56,19,78,7,13,7,12,25,26,85,50,86,31,60,Male,50,Independent,32225,"drink coffee,cook at home,go to the gym,drive to work",NA,121
2018-10-05T11:56:28Z,2018-10-05 11:58:45,100,136,True,2018-10-05 11:58:45,NA,anonymous,EN,57,33,77,88,8,22,22,1,22,13,77,74,86,51,63,Female,30,Democrat,95035,"drink coffee,cook at home,go to the gym,drive to work",NA,122
2018-10-05T11:43:44Z,2018-10-05 11:45:46,100,122,True,2018-10-05 11:45:47,NA,anonymous,EN,48,46,51,60,33,26,14,23,21,40,72,55,45,43,76,Male,31,Democrat,89130,"drink coffee,cook at home,go to the gym,drive to work",no comment,123
2018-10-05T11:41:14Z,2018-10-05 11:48:09,100,414,True,2018-10-05 11:48:09,NA,anonymous,EN,67,23,50,51,17,25,98,14,50,16,87,59,87,26,50,Female,26,Democrat,34491,"drink coffee,cook at home,go to the gym,drive to work",NA,124
2018-10-05T11:41:12Z,2018-10-05 11:45:56,100,283,True,2018-10-05 11:45:56,NA,anonymous,EN,50,50,40,45,35,40,15,25,30,35,70,90,80,40,60,Male,37,Democrat,37830,"drink coffee,cook at home,go to the gym,drive to work","Everything worked fine, no problems. Have a good day!",125
2018-10-05T11:56:25Z,2018-10-05 11:59:08,100,162,True,2018-10-05 11:59:08,NA,anonymous,EN,40,50,5,75,20,40,5,5,10,20,80,80,60,10,65,Female,49,Democrat,37379,"drink coffee,cook at home,go to the gym,drive to work",NA,126
2018-10-05T11:46:25Z,2018-10-05 11:52:16,100,350,True,2018-10-05 11:52:16,NA,anonymous,EN,56,20,28,42,13,21,8,24,23,15,62,64,77,29,73,Male,26,Republican,85119,"watch TV,read newspapers,go to the movies,go to bars",NA,127
2018-10-05T11:41:55Z,2018-10-05 11:44:04,100,128,True,2018-10-05 11:44:04,NA,anonymous,EN,50,30,30,40,40,30,40,36,35,40,60,90,86,75,80,Female,30,Independent,23860,"drink coffee,cook at home,go to the gym,drive to work",NA,128
2018-10-05T12:07:51Z,2018-10-05 12:10:29,100,157,True,2018-10-05 12:10:29,NA,anonymous,EN,78,31,82,97,18,79,14,25,16,48,44,45,85,29,86,Male,32,Democrat,11206,"watch TV,read newspapers,go to the movies,go to bars",NA,129
2018-10-05T11:40:42Z,2018-10-05 11:43:08,100,145,True,2018-10-05 11:43:09,NA,anonymous,EN,41,55,30,70,24,15,24,19,20,54,70,60,75,21,36,Female,35,Republican,84655,"drink coffee,cook at home,go to the gym,drive to work,read newspapers",NA,130
2018-10-05T11:40:28Z,2018-10-05 11:43:11,100,163,True,2018-10-05 11:43:11,NA,anonymous,EN,43,60,56,83,32,41,20,38,41,43,79,63,84,68,67,Male,46,Independent,57701,"drink coffee,cook at home,go to the gym,drive to work",NA,131
2018-10-05T11:53:35Z,2018-10-05 11:54:47,100,72,True,2018-10-05 11:54:47,NA,anonymous,EN,68,75,70,73,69,82,79,72,81,81,63,73,69,64,82,Male,22,Republican,76244,"read newspapers,go to bars",None,132
2018-10-05T11:48:30Z,2018-10-05 11:52:38,100,248,True,2018-10-05 11:52:39,NA,anonymous,EN,40,30,30,40,30,30,30,40,35,43,55,85,85,30,60,Female,42,Republican,36040,"drink coffee,cook at home,go to the gym,drive to work",NA,133
2018-10-05T11:44:45Z,2018-10-05 11:48:02,100,197,True,2018-10-05 11:48:03,NA,anonymous,EN,65,35,10,75,15,30,2,5,8,20,65,45,60,35,85,Male,28,Democrat,30349,"drink coffee,cook at home,go to the gym,drive to work",NA,134
2018-10-05T11:42:06Z,2018-10-05 11:48:21,100,374,True,2018-10-05 11:48:21,NA,anonymous,EN,50,27,42,66,18,17,28,8,20,26,59,67,70,16,20,Male,37,Democrat,97202,"drink coffee,cook at home,go to the gym,drive to work",NA,135
2018-10-05T11:41:01Z,2018-10-05 11:43:11,100,130,True,2018-10-05 11:43:11,NA,anonymous,EN,61,21,56,81,18,30,5,8,19,16,70,27,87,13,82,Other/Non-conforming,26,Democrat,37055,"drink coffee,cook at home,go to the gym,drive to work",NA,136
2018-10-05T11:41:20Z,2018-10-05 11:45:17,100,236,True,2018-10-05 11:45:17,NA,anonymous,EN,62,87,37,5,57,60,23,40,40,82,76,4,64,53,93,Female,30,Republican,33032,"drink coffee,cook at home,go to the gym,drive to work",very good,137
2018-10-05T12:03:52Z,2018-10-05 12:06:24,100,151,True,2018-10-05 12:06:24,NA,anonymous,EN,69,39,26,73,22,38,44,12,21,48,58,77,67,49,57,Male,47,Democrat,31312,"drink coffee,cook at home,go to the gym,drive to work,read newspapers",NA,138
2018-10-05T11:42:44Z,2018-10-05 11:44:37,100,112,True,2018-10-05 11:44:37,NA,anonymous,EN,40,30,40,90,15,43,85,10,30,37,80,60,95,15,70,Male,24,Democrat,95054,"drink coffee,cook at home,go to the gym,drive to work",NA,139
2018-10-05T11:49:51Z,2018-10-05 11:52:14,100,142,True,2018-10-05 11:52:14,NA,anonymous,EN,45,35,20,90,10,11,7,5,6,10,70,65,85,30,85,Female,57,Democrat,11210,"drink coffee,cook at home,go to the gym,drive to work",NA,140
2018-10-05T11:40:25Z,2018-10-05 11:43:04,100,159,True,2018-10-05 11:43:04,NA,anonymous,EN,83,76,80,68,63,58,61,80,69,91,61,79,72,82,83,Female,28,Republican,10011,"drink coffee,go to the gym",NA,141
2018-10-05T11:41:03Z,2018-10-05 11:44:12,100,188,True,2018-10-05 11:44:12,NA,anonymous,EN,70,40,35,95,25,4,65,15,20,35,75,90,75,25,70,Male,52,Democrat,94598,"drink coffee,cook at home,go to the gym,drive to work",Thanks for the opportunity to participate and good luck with your research!,142
2018-10-05T11:40:32Z,2018-10-05 11:42:27,100,115,True,2018-10-05 11:42:28,NA,anonymous,EN,55,35,20,75,10,25,15,5,25,20,95,60,80,10,50,Male,32,Democrat,60051,"drink coffee,cook at home,go to the gym,drive to work",NA,143
2018-10-05T11:42:29Z,2018-10-05 11:46:51,100,261,True,2018-10-05 11:46:51,NA,anonymous,EN,81,87,79,91,54,40,77,65,57,54,68,84,83,70,76,Male,27,Republican,98001,"drink coffee,cook at home,go to the gym,drive to work,read newspapers",easy to work for this study,144
2018-10-05T11:40:38Z,2018-10-05 11:43:22,100,163,True,2018-10-05 11:43:22,NA,anonymous,EN,29,50,26,32,15,25,12,9,25,62,80,83,89,20,60,Male,37,Democrat,48838,"drink coffee,cook at home,go to the gym,drive to work",No comments other than this was a lot of fun!  Thank you!,145
2018-10-05T11:50:53Z,2018-10-05 11:54:58,100,245,True,2018-10-05 11:54:59,NA,anonymous,EN,70,38,76,61,37,64,99,54,56,63,73,92,71,45,71,Male,23,Independent,97006,go to the gym,GOOD AND NICE.,146
2018-10-05T11:49:35Z,2018-10-05 11:52:37,100,181,True,2018-10-05 11:52:37,NA,anonymous,EN,40,60,40,75,30,46,35,25,45,30,80,95,90,65,60,Female,51,Democrat,44677,"drink coffee,cook at home,go to the gym,drive to work",NA,147
2018-10-05T11:46:03Z,2018-10-05 11:47:59,100,116,True,2018-10-05 11:47:59,NA,anonymous,EN,98,97,99,98,96,98,97,97,99,95,98,98,97,99,98,Female,26,Republican,19307,"drink coffee,go to the gym,drive to work",nice,148
2018-10-05T11:44:09Z,2018-10-05 11:46:05,100,115,True,2018-10-05 11:46:05,NA,anonymous,EN,52,40,30,84,20,17,19,15,28,26,80,90,83,31,87,Female,42,Independent,81501,"drink coffee,cook at home,go to the gym,drive to work",NA,149
2018-10-05T11:44:40Z,2018-10-05 11:46:53,100,133,True,2018-10-05 11:46:53,NA,anonymous,EN,53,44,55,87,37,20,22,23,54,74,71,39,85,38,80,Male,36,Republican,84655,"drink coffee,cook at home,go to the gym,drive to work",NA,150
2018-10-05T11:41:40Z,2018-10-05 11:46:11,100,270,True,2018-10-05 11:46:11,NA,anonymous,EN,72,93,81,55,61,80,52,86,94,76,44,86,54,100,62,Female,29,Democrat,90001,"go to the gym,drive to work,watch TV",NA,151
2018-10-05T11:40:35Z,2018-10-05 11:42:01,100,85,True,2018-10-05 11:42:01,NA,anonymous,EN,40,44,15,80,7,15,11,6,33,2,52,81,92,26,70,Female,28,Democrat,64068,"drink coffee,cook at home,go to the gym,drive to work",NA,152
2018-10-05T11:40:52Z,2018-10-05 11:43:15,100,143,True,2018-10-05 11:43:15,NA,anonymous,EN,50,30,30,75,20,20,10,10,15,65,60,60,70,70,85,Female,34,Democrat,11725,"drink coffee,cook at home,go to the gym,drive to work",NA,153
2018-10-05T11:49:01Z,2018-10-05 11:53:03,100,242,True,2018-10-05 11:53:03,NA,anonymous,EN,70,73,91,77,72,71,82,65,69,76,71,77,67,74,75,Male,22,Republican,76244,"drive to work,watch TV,go to the movies",None,154
2018-10-05T11:40:41Z,2018-10-05 11:43:15,100,154,True,2018-10-05 11:43:15,NA,anonymous,EN,75,75,55,75,30,25,25,35,40,30,95,85,70,60,80,Male,20,Republican,80027,"drink coffee,cook at home,go to the gym,drive to work",NA,155
2018-10-05T11:40:58Z,2018-10-05 11:43:13,100,135,True,2018-10-05 11:43:14,NA,anonymous,EN,50,30,35,80,10,35,10,10,35,25,90,90,80,25,80,Male,40,Independent,98271,"drink coffee,cook at home,go to the gym,drive to work",NA,156
2018-10-05T11:41:19Z,2018-10-05 11:47:06,100,347,True,2018-10-05 11:47:07,NA,anonymous,EN,33,40,20,40,20,50,15,15,25,15,70,60,60,20,65,Male,32,Other,24015,"drink coffee,cook at home,go to the gym,drive to work","An age range at the start would be helpful. Ex: Number of people who smoke- what ages? And worldwide? If you say 18-25 in the US, that number is much lower than it once was, and if you, say, include people in their 40s-60s - and expands even moreso internationally, where smoking rates are much higher, etc.",157
2018-10-05T11:42:28Z,2018-10-05 11:44:34,100,125,True,2018-10-05 11:44:34,NA,anonymous,EN,45,45,36,61,15,8,29,7,17,18,44,78,88,29,57,Male,36,Democrat,32308,"drink coffee,cook at home,go to the gym,drive to work",NA,158
2018-10-05T11:45:55Z,2018-10-05 11:49:45,100,230,True,2018-10-05 11:49:46,NA,anonymous,EN,89,86,88,87,95,74,91,70,84,80,46,89,91,60,80,Male,42,Republican,79703,cook at home,okey,159
2018-10-05T11:52:14Z,2018-10-05 11:59:55,100,460,True,2018-10-05 11:59:55,NA,anonymous,EN,60,31,30,75,15,65,15,21,20,5,60,35,85,35,88,Female,24,Independent,10304,"drink coffee,cook at home,go to the gym,drive to work",NA,160
2018-10-05T11:40:40Z,2018-10-05 11:41:51,100,71,True,2018-10-05 11:41:52,NA,anonymous,EN,37,17,50,40,4,6,10,3,14,5,60,40,60,7,30,Male,28,Democrat,91913,"drink coffee,cook at home,go to the gym,drive to work,read newspapers",NA,161
2018-10-05T11:41:02Z,2018-10-05 11:45:24,100,261,True,2018-10-05 11:45:24,NA,anonymous,EN,60,60,70,65,30,25,15,5,30,15,80,70,90,20,75,Male,28,Democrat,60555,"drink coffee,cook at home,go to the gym,drive to work",NA,162
2018-10-05T11:40:46Z,2018-10-05 11:42:13,100,86,True,2018-10-05 11:42:13,NA,anonymous,EN,55,45,15,50,10,30,20,20,40,35,70,80,90,60,60,Male,39,Republican,21220,"drink coffee,cook at home,go to the gym,drive to work",NA,163
2018-10-05T11:42:13Z,2018-10-05 11:44:49,100,155,True,2018-10-05 11:44:49,NA,anonymous,EN,52,42,19,69,13,34,41,12,18,22,77,73,77,18,83,Female,68,Democrat,78520,"drink coffee,cook at home,go to the gym,drive to work",NA,164
2018-10-05T11:40:38Z,2018-10-05 11:49:40,100,541,True,2018-10-05 11:49:40,NA,anonymous,EN,53,52,29,57,14,22,25,16,36,39,85,76,75,30,85,Male,36,Independent,45385,"drink coffee,cook at home,go to the gym,drive to work",NA,165
2018-10-05T11:40:35Z,2018-10-05 11:42:12,100,96,True,2018-10-05 11:42:12,NA,anonymous,EN,53,25,36,70,16,18,13,26,43,29,70,65,76,60,69,Female,24,Democrat,98277,"drink coffee,cook at home,go to the gym,drive to work",NA,166
2018-10-05T11:41:04Z,2018-10-05 11:43:10,100,126,True,2018-10-05 11:43:11,NA,anonymous,EN,34,38,27,65,33,36,4,12,21,60,65,67,68,47,68,Male,26,Democrat,33186,"drink coffee,cook at home,go to the gym,drive to work",NA,167
2018-10-05T11:43:56Z,2018-10-05 11:46:05,100,129,True,2018-10-05 11:46:06,NA,anonymous,EN,68,27,50,28,25,30,97,10,3,52,62,82,38,17,73,Female,29,Democrat,07002,"drink coffee,cook at home,go to the gym,drive to work,read newspapers",NA,168
2018-10-05T11:58:05Z,2018-10-05 12:01:43,100,217,True,2018-10-05 12:01:43,NA,anonymous,EN,70,50,35,40,30,15,10,5,30,25,70,65,85,20,80,Male,28,Republican,86314,"drink coffee,cook at home,go to the gym,drive to work",NA,169
2018-10-05T11:40:30Z,2018-10-05 11:42:53,100,143,True,2018-10-05 11:42:53,NA,anonymous,EN,50,30,30,60,20,14,10,25,75,30,80,85,75,25,65,Male,39,Democrat,98683,"drink coffee,cook at home,go to the gym,drive to work",NA,170
2018-10-05T11:40:20Z,2018-10-05 11:45:32,100,312,True,2018-10-05 11:45:33,NA,anonymous,EN,40,30,31,61,12,13,11,17,34,20,84,62,70,37,56,Female,27,Democrat,26505,"drink coffee,cook at home,go to the gym,drive to work,read newspapers",NA,171
2018-10-05T11:43:30Z,2018-10-05 11:46:03,100,153,True,2018-10-05 11:46:03,NA,anonymous,EN,56,45,35,80,11,16,21,15,17,28,76,53,60,21,60,Female,32,Republican,44313,"drink coffee,cook at home,go to the gym,drive to work",NA,172
2018-10-05T11:43:07Z,2018-10-05 11:45:01,100,114,True,2018-10-05 11:45:01,NA,anonymous,EN,50,35,10,60,44,20,9,46,40,44,85,24,58,43,70,Female,35,Independent,32301,"drink coffee,cook at home,go to the gym,drive to work",NA,173
2018-10-05T11:56:41Z,2018-10-05 11:58:46,100,124,True,2018-10-05 11:58:46,NA,anonymous,EN,31,30,30,75,10,35,30,5,21,60,80,55,35,35,30,Male,37,Democrat,26505,"drink coffee,cook at home,go to the gym,drive to work",NA,174
2018-10-05T11:40:46Z,2018-10-05 11:42:49,100,122,True,2018-10-05 11:42:49,NA,anonymous,EN,50,50,21,60,3,9,33,10,9,30,90,65,85,25,81,Male,24,Democrat,21042,"drink coffee,cook at home,go to the gym,drive to work,read newspapers",NA,175
2018-10-05T11:44:39Z,2018-10-05 11:46:01,100,82,True,2018-10-05 11:46:02,NA,anonymous,EN,35,32,42,89,15,24,38,8,8,63,72,79,72,31,73,Female,40,Democrat,60050,"drink coffee,cook at home,go to the gym,drive to work",NA,176
2018-10-05T11:41:04Z,2018-10-05 11:44:02,100,178,True,2018-10-05 11:44:03,NA,anonymous,EN,55,37,24,55,16,16,23,19,41,21,69,90,74,33,74,Female,57,Democrat,32789,"drink coffee,cook at home,go to the gym,drive to work",NA,177
2018-10-05T11:40:49Z,2018-10-05 11:42:44,100,114,True,2018-10-05 11:42:44,NA,anonymous,EN,53,44,27,89,15,31,12,28,26,29,85,42,75,50,63,Female,36,Democrat,76302,"drink coffee,cook at home,go to the gym,drive to work",NA,178
2018-10-05T11:49:12Z,2018-10-05 11:52:06,100,173,True,2018-10-05 11:52:06,NA,anonymous,EN,65,15,35,50,7,12,20,5,25,30,75,90,92,40,75,Male,46,Independent,59602,"drink coffee,cook at home,go to the gym,drive to work",NA,179
2018-10-05T11:51:17Z,2018-10-05 11:53:03,100,106,True,2018-10-05 11:53:03,NA,anonymous,EN,40,33,67,25,21,47,14,19,26,21,95,80,85,30,57,Male,37,Independent,27360,"drink coffee,cook at home,go to the gym,drive to work",NA,180
2018-10-05T11:51:21Z,2018-10-05 11:52:23,100,62,True,2018-10-05 11:52:24,NA,anonymous,EN,44,30,14,67,20,33,27,20,19,17,42,64,74,33,56,Female,26,Independent,77013,"drink coffee,cook at home,go to the gym,drive to work",NA,181
2018-10-05T12:08:10Z,2018-10-05 12:10:46,100,156,True,2018-10-05 12:10:46,NA,anonymous,EN,59,25,32,72,16,24,8,2,14,9,80,30,65,19,51,Female,24,Democrat,98338,"drink coffee,cook at home,go to the gym,drive to work",NA,182
2018-10-05T11:41:00Z,2018-10-05 11:42:33,100,93,True,2018-10-05 11:42:34,NA,anonymous,EN,47,39,53,91,1,15,8,1,30,40,70,63,89,34,77,Male,29,Republican,32835,"drink coffee,cook at home,go to the gym,drive to work",NA,183
2018-10-05T11:43:17Z,2018-10-05 11:46:53,100,216,True,2018-10-05 11:46:54,NA,anonymous,EN,40,32,10,90,20,30,20,30,21,30,80,90,71,40,82,Male,38,Democrat,97471,"watch TV,read newspapers,go to the movies,go to bars",NA,184
2018-10-05T11:46:42Z,2018-10-05 11:50:14,100,211,True,2018-10-05 11:50:14,NA,anonymous,EN,50,55,30,90,40,40,20,35,70,40,60,95,90,45,85,Male,51,Other,31302,"drink coffee,cook at home,go to the gym,drive to work",None at this time,185
2018-10-05T11:59:09Z,2018-10-05 12:01:05,100,115,True,2018-10-05 12:01:05,NA,anonymous,EN,93,94,91,91,92,91,93,71,92,91,96,89,88,87,89,Male,28,Democrat,75428,go to the gym,no,186
2018-10-05T11:41:23Z,2018-10-05 11:42:38,100,74,True,2018-10-05 11:42:38,NA,anonymous,EN,65,27,38,93,11,38,11,16,33,49,82,42,91,19,83,Male,29,Democrat,14225,"watch TV,read newspapers,go to the movies,go to bars",NA,187
2018-10-05T11:42:12Z,2018-10-05 11:45:03,100,170,True,2018-10-05 11:45:03,NA,anonymous,EN,40,22,30,65,25,30,25,15,33,55,60,75,40,25,40,Male,38,Democrat,76137,"drink coffee,cook at home,go to the gym,drive to work",was interesting thanks for the opportunity,188
2018-10-05T11:41:23Z,2018-10-05 11:44:59,100,215,True,2018-10-05 11:44:59,NA,anonymous,EN,35,20,30,65,25,30,30,11,20,20,60,65,55,30,45,Male,31,Independent,91402,"drink coffee,cook at home,go to the gym,drive to work",I enjoyed the study.,189
2018-10-05T11:58:22Z,2018-10-05 12:03:35,100,312,True,2018-10-05 12:03:35,NA,anonymous,EN,61,57,48,90,30,82,56,64,65,55,75,70,63,81,75,Female,40,Democrat,61104,"drink coffee,cook at home,go to the gym,drive to work",NA,190
2018-10-05T11:41:20Z,2018-10-05 11:45:05,100,224,True,2018-10-05 11:45:05,NA,anonymous,EN,47,69,37,59,24,35,30,43,33,30,49,76,65,33,64,Male,68,Republican,44703,"drink coffee,cook at home,go to the gym,drive to work",good survey thanks,191
2018-10-05T11:42:43Z,2018-10-05 11:44:45,100,121,True,2018-10-05 11:44:45,NA,anonymous,EN,45,39,60,79,30,31,30,21,20,28,53,70,58,32,46,Male,30,Independent,80234,"watch TV,read newspapers,go to the movies,go to bars",NA,192
2018-10-05T11:40:40Z,2018-10-05 11:42:50,100,129,True,2018-10-05 11:42:50,NA,anonymous,EN,71,79,100,92,48,57,77,18,37,39,64,75,60,74,77,Female,28,Democrat,55403,"drink coffee,cook at home,go to the gym,drive to work",NA,193
2018-10-05T11:41:40Z,2018-10-05 11:45:19,100,219,True,2018-10-05 11:45:19,NA,anonymous,EN,84,77,58,79,46,45,55,78,79,75,100,79,73,81,73,Male,69,Democrat,79912,drive to work,Very Engaging,194
2018-10-05T11:42:53Z,2018-10-05 11:44:32,100,99,True,2018-10-05 11:44:33,NA,anonymous,EN,53,44,70,89,34,61,82,21,4,10,89,64,57,20,75,Female,20,Democrat,92064,"drink coffee,cook at home,go to the gym,drive to work,read newspapers,go to the movies",NA,195
2018-10-05T11:41:32Z,2018-10-05 11:47:30,100,357,True,2018-10-05 11:47:30,NA,anonymous,EN,65,45,16,37,5,30,1,10,10,20,80,95,85,7,75,Male,67,Other,79015,"drink coffee,cook at home,go to the gym,drive to work",The point?,196
2018-10-05T11:47:20Z,2018-10-05 11:49:37,100,137,True,2018-10-05 11:49:37,NA,anonymous,EN,75,48,20,70,10,22,15,5,8,15,61,90,85,35,70,Female,38,Democrat,27572,"watch TV,read newspapers,go to the movies,go to bars",NA,197
2018-10-05T11:40:32Z,2018-10-05 11:43:01,100,148,True,2018-10-05 11:43:01,NA,anonymous,EN,62,62,38,56,20,20,15,25,59,38,80,75,95,51,69,Female,39,Republican,21911,"drink coffee,cook at home,go to the gym,drive to work",thanks,198
2018-10-05T11:41:35Z,2018-10-05 11:47:17,100,341,True,2018-10-05 11:47:17,NA,anonymous,EN,78,59,11,31,51,66,54,16,75,32,60,44,70,29,91,Male,42,Republican,37076,go to the gym,nice survey,199
2018-10-05T11:41:31Z,2018-10-05 11:44:52,100,201,True,2018-10-05 11:44:52,NA,anonymous,EN,32,54,43,62,26,27,54,16,29,36,57,93,76,21,73,Male,69,Independent,60613,"drink coffee,cook at home,go to the gym,drive to work",NA,200
